2  1  0.50000000  0.991835353713
3  1  0.50000000  0.285175528198
3  2  0.50000000  0.300973203881
4  1  0.50000000  0.300973203881
4  2  0.50000000  0.285175528198
4  3  0.50000000  0.229945747721
5  1  0.50000000  0.314974121804
5  2  0.50000000  0.331232728272
6  1  0.50000000  0.331232728272
6  2  0.50000000  0.314974121804
5  3  0.50000000  0.209252295034
5  4  0.50000000  0.222250697872
6  3  0.50000000  0.222250697872
6  4  0.50000000  0.209252295034
6  5  0.50000000  0.271618814608
7  1  0.50000000  0.314974121804
7  2  0.50000000  0.331232728271
8  1  0.50000000  0.331232728271
8  2  0.50000000  0.314974121804
7  3  0.50000000  0.209252295034
7  4  0.50000000  0.222250697866
8  3  0.50000000  0.222250697866
8  4  0.50000000  0.209252295034
7  5  0.50000000  0.226023541369
7  6  0.50000000  0.241221965782
8  5  0.50000000  0.241221965782
8  6  0.50000000  0.226023541369
8  7  0.50000000  0.271618814607
2  1  0.57647059  0.962049686961
3  1  0.57647059  0.290720899210
3  2  0.57647059  0.309072610606
4  1  0.57647059  0.309072610606
4  2  0.57647059  0.290720899210
4  3  0.57647059  0.235962748553
5  1  0.57647059  0.314037687890
5  2  0.57647059  0.331098989143
6  1  0.57647059  0.331098989143
6  2  0.57647059  0.314037687890
5  3  0.57647059  0.212267310795
5  4  0.57647059  0.225481911489
6  3  0.57647059  0.225481911489
6  4  0.57647059  0.212267310795
6  5  0.57647059  0.271829231009
7  1  0.57647059  0.314037687890
7  2  0.57647059  0.331098989143
8  1  0.57647059  0.331098989143
8  2  0.57647059  0.314037687890
7  3  0.57647059  0.212267310795
7  4  0.57647059  0.225481911490
8  3  0.57647059  0.225481911490
8  4  0.57647059  0.212267310795
7  5  0.57647059  0.226264068369
7  6  0.57647059  0.241452455916
8  5  0.57647059  0.241452455916
8  6  0.57647059  0.226264068369
8  7  0.57647059  0.271829231009
2  1  0.65294118  0.933324144152
3  1  0.65294118  0.296957133323
3  2  0.65294118  0.318380053195
4  1  0.65294118  0.318380053195
4  2  0.65294118  0.296957133323
4  3  0.65294118  0.243035641265
5  1  0.65294118  0.312956477795
5  2  0.65294118  0.330809085443
6  1  0.65294118  0.330809085443
6  2  0.65294118  0.312956477795
5  3  0.65294118  0.215642072227
5  4  0.65294118  0.229083253578
6  3  0.65294118  0.229083253578
6  4  0.65294118  0.215642072227
6  5  0.65294118  0.271974137479
7  1  0.65294118  0.312956460829
7  2  0.65294118  0.330809064100
8  1  0.65294118  0.330809064100
8  2  0.65294118  0.312956460829
7  3  0.65294118  0.215642066209
7  4  0.65294118  0.229083244197
8  3  0.65294118  0.229083244197
8  4  0.65294118  0.215642066209
7  5  0.65294118  0.226445877779
7  6  0.65294118  0.241621963001
8  5  0.65294118  0.241621963001
8  6  0.65294118  0.226445877779
8  7  0.65294118  0.271974129411
2  1  0.72941176  0.905786102070
3  1  0.72941176  0.303810978807
3  2  0.72941176  0.328882837172
4  1  0.72941176  0.328882837172
4  2  0.72941176  0.303810978807
4  3  0.72941176  0.251239291796
5  1  0.72941176  0.311740097072
5  2  0.72941176  0.330363764131
6  1  0.72941176  0.330363764131
6  2  0.72941176  0.311740097072
5  3  0.72941176  0.219351597645
5  4  0.72941176  0.233020504185
6  3  0.72941176  0.233020504185
6  4  0.72941176  0.219351597645
6  5  0.72941176  0.272049935311
7  1  0.72941176  0.311740097072
7  2  0.72941176  0.330363764131
8  1  0.72941176  0.330363764131
8  2  0.72941176  0.311740097072
7  3  0.72941176  0.219351597645
7  4  0.72941176  0.233020504184
8  3  0.72941176  0.233020504184
8  4  0.72941176  0.219351597645
7  5  0.72941176  0.226565742444
7  6  0.72941176  0.241727140066
8  5  0.72941176  0.241727140066
8  6  0.72941176  0.226565742444
8  7  0.72941176  0.272049935311
2  1  0.80588235  0.879485178834
3  1  0.80588235  0.311158996160
3  2  0.80588235  0.340504692902
4  1  0.80588235  0.340504692902
4  2  0.80588235  0.311158996160
4  3  0.80588235  0.260623251150
5  1  0.80588235  0.310398524431
5  2  0.80588235  0.329766179347
6  1  0.80588235  0.329766179347
6  2  0.80588235  0.310398524431
5  3  0.80588235  0.223351589700
5  4  0.80588235  0.237238212155
6  3  0.80588235  0.237238212155
6  4  0.80588235  0.223351589700
6  5  0.80588235  0.272053830704
7  1  0.80588235  0.310398524431
7  2  0.80588235  0.329766179348
8  1  0.80588235  0.329766179348
8  2  0.80588235  0.310398524431
7  3  0.80588235  0.223351589700
7  4  0.80588235  0.237238212154
8  3  0.80588235  0.237238212154
8  4  0.80588235  0.223351589700
7  5  0.80588235  0.226621443954
7  6  0.80588235  0.241765572871
8  5  0.80588235  0.241765572871
8  6  0.80588235  0.226621443954
8  7  0.80588235  0.272053830705
2  1  0.88235294  0.854426429477
3  1  0.88235294  0.318821735887
3  2  0.88235294  0.353088758190
4  1  0.88235294  0.353088758190
4  2  0.88235294  0.318821735887
4  3  0.88235294  0.271186073011
5  1  0.88235294  0.308941726266
5  2  0.88235294  0.329020892226
6  1  0.88235294  0.329020892226
6  2  0.88235294  0.308941726266
5  3  0.88235294  0.227573865385
5  4  0.88235294  0.241656222215
6  3  0.88235294  0.241656222215
6  4  0.88235294  0.227573865385
6  5  0.88235294  0.271983338223
7  1  0.88235294  0.308941726266
7  2  0.88235294  0.329020892226
8  1  0.88235294  0.329020892226
8  2  0.88235294  0.308941726266
7  3  0.88235294  0.227573865385
7  4  0.88235294  0.241656222215
8  3  0.88235294  0.241656222215
8  4  0.88235294  0.227573865385
7  5  0.88235294  0.226611292160
7  6  0.88235294  0.241735307514
8  5  0.88235294  0.241735307514
8  6  0.88235294  0.226611292160
8  7  0.88235294  0.271983338223
2  1  0.95882353  0.830589832419
3  1  0.95882353  0.326573607761
3  2  0.95882353  0.366399235721
4  1  0.95882353  0.366399235721
4  2  0.95882353  0.326573607761
4  3  0.95882353  0.282862402248
5  1  0.95882353  0.307379809262
5  2  0.95882353  0.328133706816
6  1  0.95882353  0.328133706816
6  2  0.95882353  0.307379809262
5  3  0.95882353  0.231927967819
5  4  0.95882353  0.246172169290
6  3  0.95882353  0.246172169290
6  4  0.95882353  0.231927967819
6  5  0.95882353  0.271836438634
7  1  0.95882353  0.307379809262
7  2  0.95882353  0.328133706816
8  1  0.95882353  0.328133706816
8  2  0.95882353  0.307379809262
7  3  0.95882353  0.231927967819
7  4  0.95882353  0.246172169290
8  3  0.95882353  0.246172169290
8  4  0.95882353  0.231927967819
7  5  0.95882353  0.226534153888
7  6  0.95882353  0.241634915470
8  5  0.95882353  0.241634915470
8  6  0.95882353  0.226534153888
8  7  0.95882353  0.271836438635
2  1  1.03529412  0.807942230384
3  1  1.03529412  0.334157875339
3  2  1.03529412  0.380128572227
4  1  1.03529412  0.380128572227
4  2  1.03529412  0.334157875339
4  3  1.03529412  0.295517440546
5  1  1.03529412  0.305723368007
5  2  1.03529412  0.327111818696
6  1  1.03529412  0.327111818696
6  2  1.03529412  0.305723368007
5  3  1.03529412  0.236308262327
5  4  1.03529412  0.250669993466
6  3  1.03529412  0.250669993466
6  4  1.03529412  0.236308262327
6  5  1.03529412  0.271612084823
7  1  1.03529412  0.305723368007
7  2  1.03529412  0.327111818696
8  1  1.03529412  0.327111818696
8  2  1.03529412  0.305723368007
7  3  1.03529412  0.236308262327
7  4  1.03529412  0.250669993466
8  3  1.03529412  0.250669993466
8  4  1.03529412  0.236308262327
7  5  1.03529412  0.226389787096
7  6  1.03529412  0.241463886338
8  5  1.03529412  0.241463886338
8  6  1.03529412  0.226389787096
8  7  1.03529412  0.271612084823
2  1  1.11176471  0.786443565134
3  1  1.11176471  0.341313986033
3  2  1.11176471  0.393923649182
4  1  1.11176471  0.393923649182
4  2  1.11176471  0.341313986033
4  3  1.11176471  0.308923804853
5  1  1.11176471  0.303983675421
5  2  1.11176471  0.325963940922
6  1  1.11176471  0.325963940922
6  2  1.11176471  0.303983675421
5  3  1.11176471  0.240605987437
5  4  1.11176471  0.255042729250
6  3  1.11176471  0.255042729250
6  4  1.11176471  0.240605987437
6  5  1.11176471  0.271310643886
7  1  1.11176471  0.303983675421
7  2  1.11176471  0.325963940922
8  1  1.11176471  0.325963940922
8  2  1.11176471  0.303983675421
7  3  1.11176471  0.240605987437
7  4  1.11176471  0.255042729250
8  3  1.11176471  0.255042729250
8  4  1.11176471  0.240605987437
7  5  1.11176471  0.226179156930
7  6  1.11176471  0.241222985915
8  5  1.11176471  0.241222985915
8  6  1.11176471  0.226179156930
8  7  1.11176471  0.271310643886
2  1  1.18823529  0.766050654549
3  1  1.18823529  0.347789864537
3  2  1.18823529  0.407404216159
4  1  1.18823529  0.407404216159
4  2  1.18823529  0.347789864537
4  3  1.18823529  0.322871952298
5  1  1.18823529  0.302172635705
5  2  1.18823529  0.324700109200
6  1  1.18823529  0.324700109200
6  2  1.18823529  0.302172635705
5  3  1.18823529  0.244709080632
5  4  1.18823529  0.259154578825
6  3  1.18823529  0.259154578825
6  4  1.18823529  0.244709080632
6  5  1.18823529  0.270933942911
7  1  1.18823529  0.302172635705
7  2  1.18823529  0.324700109200
8  1  1.18823529  0.324700109200
8  2  1.18823529  0.302172635705
7  3  1.18823529  0.244709080632
7  4  1.18823529  0.259154578825
8  3  1.18823529  0.259154578825
8  4  1.18823529  0.244709080632
7  5  1.18823529  0.225904445251
7  6  1.18823529  0.240914277804
8  5  1.18823529  0.240914277804
8  6  1.18823529  0.225904445251
8  7  1.18823529  0.270933942911
2  1  1.26470588  0.746718022807
3  1  1.26470588  0.353391763073
3  2  1.26470588  0.420227021159
4  1  1.26470588  0.420227021159
4  2  1.26470588  0.353391763073
4  3  1.26470588  0.337025071307
5  1  1.26470588  0.300302303399
5  2  1.26470588  0.323331309261
6  1  1.26470588  0.323331309261
6  2  1.26470588  0.300302303399
5  3  1.26470588  0.248530378114
5  4  1.26470588  0.262933224576
6  3  1.26470588  0.262933224576
6  4  1.26470588  0.248530378114
6  5  1.26470588  0.270485059182
7  1  1.26470588  0.300302303399
7  2  1.26470588  0.323331309261
8  1  1.26470588  0.323331309261
8  2  1.26470588  0.300302303399
7  3  1.26470588  0.248530378114
7  4  1.26470588  0.262933224576
8  3  1.26470588  0.262933224576
8  4  1.26470588  0.248530378114
7  5  1.26470588  0.225568901783
7  6  1.26470588  0.240540954250
8  5  1.26470588  0.240540954250
8  6  1.26470588  0.225568901783
8  7  1.26470588  0.270485059182
2  1  1.34117647  0.728398473776
3  1  1.34117647  0.357985107688
3  2  1.34117647  0.432104518901
4  1  1.34117647  0.432104518901
4  2  1.34117647  0.357985107688
4  3  1.34117647  0.351082278797
5  1  1.34117647  0.298384512954
5  2  1.34117647  0.321868979090
6  1  1.34117647  0.321868979090
6  2  1.34117647  0.298384512954
5  3  1.34117647  0.252001917280
5  4  1.34117647  0.266315431483
6  3  1.34117647  0.266315431483
6  4  1.34117647  0.252001917280
6  5  1.34117647  0.269967975112
7  1  1.34117647  0.298384512954
7  2  1.34117647  0.321868979090
8  1  1.34117647  0.321868979090
8  2  1.34117647  0.298384512954
7  3  1.34117647  0.252001917280
7  4  1.34117647  0.266315431482
8  3  1.34117647  0.266315431482
8  4  1.34117647  0.252001917280
7  5  1.34117647  0.225176555004
7  6  1.34117647  0.240107028374
8  5  1.34117647  0.240107028374
8  6  1.34117647  0.225176555004
8  7  1.34117647  0.269967975112
2  1  1.41764706  0.711042931439
3  1  1.41764706  0.361502106734
3  2  1.41764706  0.442827579170
4  1  1.41764706  0.442827579170
4  2  1.41764706  0.361502106734
4  3  1.41764706  0.364764305055
5  1  1.41764706  0.296430563824
5  2  1.41764706  0.320324679549
6  1  1.41764706  0.320324679549
6  2  1.41764706  0.296430563824
5  3  1.41764706  0.255081078183
5  4  1.41764706  0.269265962482
6  3  1.41764706  0.269265962482
6  4  1.41764706  0.255081078183
6  5  1.41764706  0.269387359104
7  1  1.41764706  0.296430563824
7  2  1.41764706  0.320324679549
8  1  1.41764706  0.320324679549
8  2  1.41764706  0.296430563824
7  3  1.41764706  0.255081078183
7  4  1.41764706  0.269265962482
8  3  1.41764706  0.269265962482
8  4  1.41764706  0.255081078183
7  5  1.41764706  0.224732030548
7  6  1.41764706  0.239617140067
8  5  1.41764706  0.239617140067
8  6  1.41764706  0.224732030548
8  7  1.41764706  0.269387359104
2  1  1.49411765  0.694600647917
3  1  1.49411765  0.363935776265
3  2  1.49411765  0.452270941823
4  1  1.49411765  0.452270941823
4  2  1.49411765  0.363935776265
4  3  1.49411765  0.377834423279
5  1  1.49411765  0.294451010361
5  2  1.49411765  0.318709814373
6  1  1.49411765  0.318709814373
6  2  1.49411765  0.294451010361
5  3  1.49411765  0.257749238139
5  4  1.49411765  0.271774861484
6  3  1.49411765  0.271774861484
6  4  1.49411765  0.257749238139
6  5  1.49411765  0.268748404752
7  1  1.49411765  0.294451010361
7  2  1.49411765  0.318709814373
8  1  1.49411765  0.318709814373
8  2  1.49411765  0.294451010361
7  3  1.49411765  0.257749238139
7  4  1.49411765  0.271774861484
8  3  1.49411765  0.271774861484
8  4  1.49411765  0.257749238139
7  5  1.49411765  0.224240386301
7  6  1.49411765  0.239076392452
8  5  1.49411765  0.239076392452
8  6  1.49411765  0.224240386301
8  7  1.49411765  0.268748404752
2  1  1.57058824  0.679019970093
3  1  1.57058824  0.365327474761
3  2  1.57058824  0.460386458031
4  1  1.57058824  0.460386458031
4  2  1.57058824  0.365327474761
4  3  1.57058824  0.390110032334
5  1  1.57058824  0.292455492523
5  2  1.57058824  0.317035360476
6  1  1.57058824  0.317035360476
6  2  1.57058824  0.292455492523
5  3  1.57058824  0.260007773188
5  4  1.57058824  0.273852262646
6  3  1.57058824  0.273852262646
6  4  1.57058824  0.260007773188
6  5  1.57058824  0.268056654156
7  1  1.57058824  0.292455492523
7  2  1.57058824  0.317035360476
8  1  1.57058824  0.317035360476
8  2  1.57058824  0.292455492523
7  3  1.57058824  0.260007773188
7  4  1.57058824  0.273852262646
8  3  1.57058824  0.273852262646
8  4  1.57058824  0.260007773188
7  5  1.57058824  0.223706913452
7  6  1.57058824  0.238490160354
8  5  1.57058824  0.238490160354
8  6  1.57058824  0.223706913452
8  7  1.57058824  0.268056654156
2  1  1.64705882  0.664249436536
3  1  1.64705882  0.365752090899
3  2  1.64705882  0.467188856138
4  1  1.64705882  0.467188856138
4  2  1.64705882  0.365752090899
4  3  1.64705882  0.401465138406
5  1  1.64705882  0.290452593673
5  2  1.64705882  0.315311593473
6  1  1.64705882  0.315311593473
6  2  1.64705882  0.290452593673
5  3  1.64705882  0.261872837247
5  4  1.64705882  0.275522316701
6  3  1.64705882  0.275522316701
6  4  1.64705882  0.261872837247
6  5  1.64705882  0.267317762249
7  1  1.64705882  0.290452593673
7  2  1.64705882  0.315311593473
8  1  1.64705882  0.315311593473
8  2  1.64705882  0.290452593673
7  3  1.64705882  0.261872837247
7  4  1.64705882  0.275522316701
8  3  1.64705882  0.275522316701
8  4  1.64705882  0.261872837247
7  5  1.64705882  0.223136886341
7  6  1.64705882  0.237863844977
8  5  1.64705882  0.237863844977
8  6  1.64705882  0.223136886341
8  7  1.64705882  0.267317762249
2  1  1.72352941  0.650238784411
3  1  1.72352941  0.365304159823
3  2  1.72352941  0.472738882103
4  1  1.72352941  0.472738882103
4  2  1.72352941  0.365304159823
4  3  1.72352941  0.411826199743
5  1  1.72352941  0.288449711380
5  2  1.72352941  0.313547820714
6  1  1.72352941  0.313547820714
6  2  1.72352941  0.288449711380
5  3  1.72352941  0.263370192693
5  4  1.72352941  0.276817554009
6  3  1.72352941  0.276817554009
6  4  1.72352941  0.263370192693
6  5  1.72352941  0.266537217353
7  1  1.72352941  0.288449711380
7  2  1.72352941  0.313547820714
8  1  1.72352941  0.313547820714
8  2  1.72352941  0.288449711380
7  3  1.72352941  0.263370192693
7  4  1.72352941  0.276817554009
8  3  1.72352941  0.276817554009
8  4  1.72352941  0.263370192693
7  5  1.72352941  0.222535288817
7  6  1.72352941  0.237202598329
8  5  1.72352941  0.237202598329
8  6  1.72352941  0.222535288817
8  7  1.72352941  0.266537217353
2  1  1.80000000  0.636939811565
3  1  1.80000000  0.364086650487
3  2  1.80000000  0.477127302628
4  1  1.80000000  0.477127302628
4  2  1.80000000  0.364086650487
4  3  1.80000000  0.421164158820
5  1  1.80000000  0.286452989807
5  2  1.80000000  0.311752182705
6  1  1.80000000  0.311752182705
6  2  1.80000000  0.286452989807
5  3  1.80000000  0.264530830129
5  4  1.80000000  0.277774343366
6  3  1.80000000  0.277774343366
6  4  1.80000000  0.264530830129
6  5  1.80000000  0.265720076147
7  1  1.80000000  0.286452989807
7  2  1.80000000  0.311752182705
8  1  1.80000000  0.311752182705
8  2  1.80000000  0.286452989807
7  3  1.80000000  0.264530830129
7  4  1.80000000  0.277774343366
8  3  1.80000000  0.277774343366
8  4  1.80000000  0.264530830129
7  5  1.80000000  0.221906576999
7  6  1.80000000  0.236511076715
8  5  1.80000000  0.236511076715
8  6  1.80000000  0.221906576999
8  7  1.80000000  0.265720076147
2  1  1.87647059  0.624307001089
3  1  1.87647059  0.362202842824
3  2  1.87647059  0.480461510303
4  1  1.87647059  0.480461510303
4  2  1.87647059  0.362202842824
4  3  1.87647059  0.429484948078
5  1  1.87647059  0.284467338767
5  2  1.87647059  0.309931568343
6  1  1.87647059  0.309931568343
6  2  1.87647059  0.284467338767
5  3  1.87647059  0.265387646048
5  4  1.87647059  0.278429620461
6  3  1.87647059  0.278429620461
6  4  1.87647059  0.265387646048
6  5  1.87647059  0.264870774157
7  1  1.87647059  0.284467338767
7  2  1.87647059  0.309931568343
8  1  1.87647059  0.309931568343
8  2  1.87647059  0.284467338767
7  3  1.87647059  0.265387646048
7  4  1.87647059  0.278429620461
8  3  1.87647059  0.278429620461
8  4  1.87647059  0.265387646048
7  5  1.87647059  0.221254532335
7  6  1.87647059  0.235793279609
8  5  1.87647059  0.235793279609
8  6  1.87647059  0.221254532335
8  7  1.87647059  0.264870774157
2  1  1.95294118  0.612297816760
3  1  1.95294118  0.359751031812
3  2  1.95294118  0.482855329822
4  1  1.95294118  0.482855329822
4  2  1.95294118  0.359751031812
4  3  1.95294118  0.436820198554
5  1  1.95294118  0.282496534587
5  2  1.95294118  0.308091656728
6  1  1.95294118  0.308091656728
6  2  1.95294118  0.282496534587
5  3  1.95294118  0.265973192052
5  4  1.95294118  0.278818806452
6  3  1.95294118  0.278818806452
6  4  1.95294118  0.265973192052
6  5  1.95294118  0.263993039550
7  1  1.95294118  0.282496534587
7  2  1.95294118  0.308091656728
8  1  1.95294118  0.308091656728
8  2  1.95294118  0.282496534587
7  3  1.95294118  0.265973192052
7  4  1.95294118  0.278818806452
8  3  1.95294118  0.278818806452
8  4  1.95294118  0.265973192052
7  5  1.95294118  0.220582229667
7  6  1.95294118  0.235052499628
8  5  1.95294118  0.235052499628
8  6  1.95294118  0.220582229667
8  7  1.95294118  0.263993039550
2  1  2.02941176  0.600872950449
3  1  2.02941176  0.356821412519
3  2  2.02941176  0.484421723846
4  1  2.02941176  0.484421723846
4  2  2.02941176  0.356821412519
4  3  2.02941176  0.443218714172
5  1  2.02941176  0.280543422294
5  2  2.02941176  0.306237086023
6  1  2.02941176  0.306237086023
6  2  2.02941176  0.280543422294
5  3  2.02941176  0.266318240300
5  4  2.02941176  0.278974590112
6  3  2.02941176  0.278974590112
6  4  2.02941176  0.266318240300
6  5  2.02941176  0.263089939061
7  1  2.02941176  0.280543422294
7  2  2.02941176  0.306237086023
8  1  2.02941176  0.306237086023
8  2  2.02941176  0.280543422294
7  3  2.02941176  0.266318240300
7  4  2.02941176  0.278974590112
8  3  2.02941176  0.278974590112
8  4  2.02941176  0.266318240300
7  5  2.02941176  0.219892116135
7  6  2.02941176  0.234291390444
8  5  2.02941176  0.234291390444
8  6  2.02941176  0.219892116135
8  7  2.02941176  0.263089939061
2  1  2.10588235  0.589996204939
3  1  2.10588235  0.353494659505
3  2  2.10588235  0.485268171313
4  1  2.10588235  0.485268171313
4  2  2.10588235  0.353494659505
4  3  2.10588235  0.448739731332
5  1  2.10588235  0.278610100773
5  2  2.10588235  0.304371641754
6  1  2.10588235  0.304371641754
6  2  2.10588235  0.278610100773
5  3  2.10588235  0.266451061946
5  4  2.10588235  0.278926419805
6  3  2.10588235  0.278926419805
6  4  2.10588235  0.266451061946
6  5  2.10588235  0.262163982135
7  1  2.10588235  0.278610100773
7  2  2.10588235  0.304371641754
8  1  2.10588235  0.304371641754
8  2  2.10588235  0.278610100773
7  3  2.10588235  0.266451061946
7  4  2.10588235  0.278926419805
8  3  2.10588235  0.278926419805
8  4  2.10588235  0.266451061946
7  5  2.10588235  0.219186131666
7  6  2.10588235  0.233512081822
8  5  2.10588235  0.233512081822
8  6  2.10588235  0.219186131666
8  7  2.10588235  0.262163982135
2  1  2.18235294  0.579634395532
3  1  2.18235294  0.349841623504
3  2  2.18235294  0.485494013252
4  1  2.18235294  0.485494013252
4  2  2.18235294  0.349841623504
4  3  2.18235294  0.453447730347
5  1  2.18235294  0.276698129695
5  2  2.18235294  0.302498478176
6  1  2.18235294  0.302498478176
6  2  2.18235294  0.276698129695
5  3  2.18235294  0.266397157621
5  4  2.18235294  0.278700436508
6  3  2.18235294  0.278700436508
6  4  2.18235294  0.266397157621
6  5  2.18235294  0.261217249910
7  1  2.18235294  0.276698129695
7  2  2.18235294  0.302498478176
8  1  2.18235294  0.302498478176
8  2  2.18235294  0.276698129695
7  3  2.18235294  0.266397157621
7  4  2.18235294  0.278700436508
8  3  2.18235294  0.278700436508
8  4  2.18235294  0.266397157621
7  5  2.18235294  0.218465859029
7  6  2.18235294  0.232716322656
8  5  2.18235294  0.232716322656
8  6  2.18235294  0.218465859029
8  7  2.18235294  0.261217249910
2  1  2.25882353  0.569757178727
3  1  2.25882353  0.345923700193
3  2  2.25882353  0.485189179426
4  1  2.25882353  0.485189179426
4  2  2.25882353  0.345923700193
4  3  2.25882353  0.457408680000
5  1  2.25882353  0.274808685096
5  2  2.25882353  0.300620288617
6  1  2.25882353  0.300620288617
6  2  2.25882353  0.274808685096
5  3  2.25882353  0.266179251402
5  4  2.25882353  0.278319625658
6  3  2.25882353  0.278319625658
6  4  2.25882353  0.266179251402
6  5  2.25882353  0.260251521698
7  1  2.25882353  0.274808685096
7  2  2.25882353  0.300620288617
8  1  2.25882353  0.300620288617
8  2  2.25882353  0.274808685096
7  3  2.25882353  0.266179251402
7  4  2.25882353  0.278319625658
8  3  2.25882353  0.278319625658
8  4  2.25882353  0.266179251402
7  5  2.25882353  0.217732643386
7  6  2.25882353  0.231905602823
8  5  2.25882353  0.231905602823
8  6  2.25882353  0.217732643386
8  7  2.25882353  0.260251521698
2  1  2.33529412  0.560336823516
3  1  2.33529412  0.341793645043
3  2  2.33529412  0.484434010672
4  1  2.33529412  0.484434010672
4  2  2.33529412  0.341793645043
4  3  2.33529412  0.460687705138
5  1  2.33529412  0.272942681949
5  2  2.33529412  0.298739444160
6  1  2.33529412  0.298739444160
6  2  2.33529412  0.272942681949
5  3  2.33529412  0.265817493910
5  4  2.33529412  0.277804138763
6  3  2.33529412  0.277804138763
6  4  2.33529412  0.265817493910
6  5  2.33529412  0.259268379416
7  1  2.33529412  0.272942681949
7  2  2.33529412  0.298739444160
8  1  2.33529412  0.298739444160
8  2  2.33529412  0.272942681949
7  3  2.33529412  0.265817493910
7  4  2.33529412  0.277804138763
8  3  2.33529412  0.277804138763
8  4  2.33529412  0.265817493910
7  5  2.33529412  0.216987688942
7  6  2.33529412  0.231081252433
8  5  2.33529412  0.231081252433
8  6  2.33529412  0.216987688942
8  7  2.33529412  0.259268379416
2  1  2.41176471  0.551347980835
3  1  2.41176471  0.337496445476
3  2  2.41176471  0.483299420510
4  1  2.41176471  0.483299420510
4  2  2.41176471  0.337496445476
4  3  2.41176471  0.463347289992
5  1  2.41176471  0.271100850061
5  2  2.41176471  0.296858089849
6  1  2.41176471  0.296858089849
6  2  2.41176471  0.271100850061
5  3  2.41176471  0.265329662804
5  4  2.41176471  0.277171590889
6  3  2.41176471  0.277171590889
6  4  2.41176471  0.265329662804
6  5  2.41176471  0.258269276879
7  1  2.41176471  0.271100850061
7  2  2.41176471  0.296858089849
8  1  2.41176471  0.296858089849
8  2  2.41176471  0.271100850061
7  3  2.41176471  0.265329662804
7  4  2.41176471  0.277171590889
8  3  2.41176471  0.277171590889
8  4  2.41176471  0.265329662804
7  5  2.41176471  0.216232121509
7  6  2.41176471  0.230244506632
8  5  2.41176471  0.230244506632
8  6  2.41176471  0.216232121509
8  7  2.41176471  0.258269276879
2  1  2.48823529  0.542767480786
3  1  2.48823529  0.333070279637
3  2  2.48823529  0.481847523344
4  1  2.48823529  0.481847523344
4  2  2.48823529  0.333070279637
4  3  2.48823529  0.465446294481
5  1  2.48823529  0.269283790134
5  2  2.48823529  0.294978205045
6  1  2.48823529  0.294978205045
6  2  2.48823529  0.269283790134
5  3  2.48823529  0.264731416403
5  4  2.48823529  0.276437377370
6  3  2.48823529  0.276437377370
6  4  2.48823529  0.264731416403
6  5  2.48823529  0.257255581712
7  1  2.48823529  0.269283790134
7  2  2.48823529  0.294978205045
8  1  2.48823529  0.294978205045
8  2  2.48823529  0.269283790134
7  3  2.48823529  0.264731416403
7  4  2.48823529  0.276437377370
8  3  2.48823529  0.276437377370
8  4  2.48823529  0.264731416403
7  5  2.48823529  0.215467024440
7  6  2.48823529  0.229396543530
8  5  2.48823529  0.229396543530
8  6  2.48823529  0.215467024440
8  7  2.48823529  0.257255581712
2  1  2.56470588  0.534574101057
3  1  2.56470588  0.328547444360
3  2  2.56470588  0.480132411899
4  1  2.56470588  0.480132411899
4  2  2.56470588  0.328547444360
4  3  2.56470588  0.467039460514
5  1  2.56470588  0.267491999674
5  2  2.56470588  0.293101640297
6  1  2.56470588  0.293101640297
6  2  2.56470588  0.267491999674
5  3  2.56470588  0.264036542649
5  4  2.56470588  0.275614968997
6  3  2.56470588  0.275614968997
6  4  2.56470588  0.264036542649
6  5  2.56470588  0.256228597344
7  1  2.56470588  0.267491999674
7  2  2.56470588  0.293101640297
8  1  2.56470588  0.293101640297
8  2  2.56470588  0.267491999674
7  3  2.56470588  0.264036542649
7  4  2.56470588  0.275614968997
8  3  2.56470588  0.275614968997
8  4  2.56470588  0.264036542649
7  5  2.56470588  0.214693455386
7  6  2.56470588  0.228538502705
8  5  2.56470588  0.228538502705
8  6  2.56470588  0.214693455386
8  7  2.56470588  0.256228597344
2  1  2.64117647  0.526748359743
3  1  2.64117647  0.323955191777
3  2  2.64117647  0.478200972868
4  1  2.64117647  0.478200972868
4  2  2.64117647  0.323955191777
4  3  2.64117647  0.468177201837
5  1  2.64117647  0.265725887105
5  2  2.64117647  0.291230137383
6  1  2.64117647  0.291230137383
6  2  2.64117647  0.265725887105
5  3  2.64117647  0.263257186960
5  4  2.64117647  0.274716171618
6  3  2.64117647  0.274716171618
6  4  2.64117647  0.263257186960
6  5  2.64117647  0.255189575444
7  1  2.64117647  0.265725887105
7  2  2.64117647  0.291230137383
8  1  2.64117647  0.291230137383
8  2  2.64117647  0.265725887105
7  3  2.64117647  0.263257186960
7  4  2.64117647  0.274716171618
8  3  2.64117647  0.274716171618
8  4  2.64117647  0.263257186960
7  5  2.64117647  0.213912452799
7  6  2.64117647  0.227671493681
8  5  2.64117647  0.227671493681
8  6  2.64117647  0.213912452799
8  7  2.64117647  0.255189575444
2  1  2.71764706  0.519272337189
3  1  2.71764706  0.319316503922
3  2  2.71764706  0.476093736899
4  1  2.71764706  0.476093736899
4  2  2.71764706  0.319316503922
4  3  2.71764706  0.468905684476
5  1  2.71764706  0.263985780963
5  2  2.71764706  0.289365340091
6  1  2.71764706  0.289365340091
6  2  2.71764706  0.263985780963
5  3  2.71764706  0.262404065001
5  4  2.71764706  0.273751357719
6  3  2.71764706  0.273751357719
6  4  2.71764706  0.262404065001
6  5  2.71764706  0.254139718570
7  1  2.71764706  0.263985780963
7  2  2.71764706  0.289365340091
8  1  2.71764706  0.289365340091
8  2  2.71764706  0.263985780963
7  3  2.71764706  0.262404065001
7  4  2.71764706  0.273751357719
8  3  2.71764706  0.273751357719
8  4  2.71764706  0.262404065001
7  5  2.71764706  0.213125032448
7  6  2.71764706  0.226796594489
8  5  2.71764706  0.226796594489
8  6  2.71764706  0.213125032448
8  7  2.71764706  0.254139718570
2  1  2.79411765  0.512129527903
3  1  2.79411765  0.314650776486
3  2  2.79411765  0.473845701203
4  1  2.79411765  0.473845701203
4  2  2.79411765  0.314650776486
4  3  2.79411765  0.469267066235
5  1  2.79411765  0.262271935524
5  2  2.79411765  0.287508799354
6  1  2.79411765  0.287508799354
6  2  2.79411765  0.262271935524
5  3  2.79411765  0.261486657219
5  4  2.79411765  0.272729672052
6  3  2.79411765  0.272729672052
6  4  2.79411765  0.261486657219
6  5  2.79411765  0.253080179406
7  1  2.79411765  0.262271935524
7  2  2.79411765  0.287508799354
8  1  2.79411765  0.287508799354
8  2  2.79411765  0.262271935524
7  3  2.79411765  0.261486657219
7  4  2.79411765  0.272729672052
8  3  2.79411765  0.272729672052
8  4  2.79411765  0.261486657219
7  5  2.79411765  0.212332180801
7  6  2.79411765  0.225914847003
8  5  2.79411765  0.225914847003
8  6  2.79411765  0.212332180801
8  7  2.79411765  0.253080179406
2  1  2.87058824  0.505304615374
3  1  2.87058824  0.309974357434
3  2  2.87058824  0.471486990429
4  1  2.87058824  0.471486990429
4  2  2.87058824  0.309974357434
4  3  2.87058824  0.469299718213
5  1  2.87058824  0.260584517240
5  2  2.87058824  0.285661963905
6  1  2.87058824  0.285661963905
6  2  2.87058824  0.260584517240
5  3  2.87058824  0.260513359880
5  4  2.87058824  0.271659189842
6  3  2.87058824  0.271659189842
6  4  2.87058824  0.260513359880
6  5  2.87058824  0.252012057329
7  1  2.87058824  0.260584517240
7  2  2.87058824  0.285661963905
8  1  2.87058824  0.285661963905
8  2  2.87058824  0.260584517240
7  3  2.87058824  0.260513359880
7  4  2.87058824  0.271659189842
8  3  2.87058824  0.271659189842
8  4  2.87058824  0.260513359880
7  5  2.87058824  0.211534844982
7  6  2.87058824  0.225027249097
8  5  2.87058824  0.225027249097
8  6  2.87058824  0.211534844982
8  7  2.87058824  0.252012057329
2  1  2.94705882  0.498783385855
3  1  2.94705882  0.305301074314
3  2  2.94705882  0.469043570678
4  1  2.94705882  0.469043570678
4  2  2.94705882  0.305301074314
4  3  2.94705882  0.469038622402
5  1  2.94705882  0.258923617132
5  2  2.94705882  0.283826189267
6  1  2.94705882  0.283826189267
6  2  2.94705882  0.258923617132
5  3  2.94705882  0.259491643429
5  4  2.94705882  0.270547076185
6  3  2.94705882  0.270547076185
6  4  2.94705882  0.259491643429
6  5  2.94705882  0.250936398153
7  1  2.94705882  0.258923617132
7  2  2.94705882  0.283826189267
8  1  2.94705882  0.283826189267
8  2  2.94705882  0.258923617132
7  3  2.94705882  0.259491643429
7  4  2.94705882  0.270547076185
8  3  2.94705882  0.270547076185
8  4  2.94705882  0.259491643429
7  5  2.94705882  0.210733927628
7  6  2.94705882  0.224134751136
8  5  2.94705882  0.224134751136
8  6  2.94705882  0.210733927628
8  7  2.94705882  0.250936398153
2  1  3.02352941  0.492552577331
3  1  3.02352941  0.300642640116
3  2  3.02352941  0.466537807755
4  1  3.02352941  0.466537807755
4  2  3.02352941  0.300642640116
4  3  3.02352941  0.468515697583
5  1  3.02352941  0.257289247131
5  2  3.02352941  0.282002734706
6  1  3.02352941  0.282002734706
6  2  3.02352941  0.257289247131
5  3  3.02352941  0.258428174565
5  4  3.02352941  0.269399708425
6  3  3.02352941  0.269399708425
6  4  3.02352941  0.258428174565
6  5  3.02352941  0.249854192200
7  1  3.02352941  0.257289247131
7  2  3.02352941  0.282002734706
8  1  3.02352941  0.282002734706
8  2  3.02352941  0.257289247131
7  3  3.02352941  0.258428174565
7  4  3.02352941  0.269399708425
8  3  3.02352941  0.269399708425
8  4  3.02352941  0.258428174565
7  5  3.02352941  0.209930280176
7  6  3.02352941  0.223238250851
8  5  3.02352941  0.223238250851
8  6  3.02352941  0.209930280176
8  7  3.02352941  0.249854192200
2  1  3.10000000  0.486599768395
3  1  3.10000000  0.296009003145
3  2  3.10000000  0.463988972264
4  1  3.10000000  0.463988972264
4  2  3.10000000  0.296009003145
4  3  3.10000000  0.467760130314
5  1  3.10000000  0.255681341859
5  2  3.10000000  0.280192763470
6  1  3.10000000  0.280192763470
6  2  3.10000000  0.255681341859
5  3  3.10000000  0.257328923937
5  4  3.10000000  0.268222781836
6  3  3.10000000  0.268222781836
6  4  3.10000000  0.257328923937
6  5  3.10000000  0.248766371938
7  1  3.10000000  0.255681341859
7  2  3.10000000  0.280192763470
8  1  3.10000000  0.280192763470
8  2  3.10000000  0.255681341859
7  3  3.10000000  0.257328923937
7  4  3.10000000  0.268222781836
8  3  3.10000000  0.268222781836
8  4  3.10000000  0.257328923937
7  5  3.10000000  0.209124697328
7  6  3.10000000  0.222338588865
8  5  3.10000000  0.222338588865
8  6  3.10000000  0.209124697328
8  7  3.10000000  0.248766371938
2  1  3.17647059  0.480913276899
3  1  3.17647059  0.291408629784
3  2  3.17647059  0.461413662555
4  1  3.17647059  0.461413662555
4  2  3.17647059  0.291408629784
4  3  3.17647059  0.466798657181
5  1  3.17647059  0.254099762973
5  2  3.17647059  0.278397344997
6  1  3.17647059  0.278397344997
6  2  3.17647059  0.254099762973
5  3  3.17647059  0.256199256248
5  4  3.17647059  0.267021397888
6  3  3.17647059  0.267021397888
6  4  3.17647059  0.256199256248
6  5  3.17647059  0.247673811855
7  1  3.17647059  0.254099762973
7  2  3.17647059  0.278397344997
8  1  3.17647059  0.278397344997
8  2  3.17647059  0.254099762973
7  3  3.17647059  0.256199256248
7  4  3.17647059  0.267021397888
8  3  3.17647059  0.267021397888
8  4  3.17647059  0.256199256248
7  5  3.17647059  0.208317914558
7  6  3.17647059  0.221436546991
8  5  3.17647059  0.221436546991
8  6  3.17647059  0.208317914558
8  7  3.17647059  0.247673811855
2  1  3.25294118  0.475482081553
3  1  3.25294118  0.286848768697
3  2  3.25294118  0.458826212509
4  1  3.25294118  0.458826212509
4  2  3.25294118  0.286848768697
4  3  3.25294118  0.465655899016
5  1  3.25294118  0.252544304161
5  2  3.25294118  0.276617460515
6  1  3.25294118  0.276617460515
6  2  3.25294118  0.252544304161
5  3  3.25294118  0.255044017369
5  4  3.25294118  0.265800148061
6  3  3.25294118  0.265800148061
6  4  3.25294118  0.255044017369
6  5  3.25294118  0.246577328163
7  1  3.25294118  0.252544304161
7  2  3.25294118  0.276617460515
8  1  3.25294118  0.276617460515
8  2  3.25294118  0.252544304161
7  3  3.25294118  0.255044017369
7  4  3.25294118  0.265800148061
8  3  3.25294118  0.265800148061
8  4  3.25294118  0.255044017369
7  5  3.25294118  0.207510606173
7  6  3.25294118  0.220532846837
8  5  3.25294118  0.220532846837
8  6  3.25294118  0.207510606173
8  7  3.25294118  0.246577328163
2  1  3.32941176  0.470295744009
3  1  3.32941176  0.282335604747
3  2  3.32941176  0.456238939386
4  1  3.32941176  0.456238939386
4  2  3.32941176  0.282335604747
4  3  3.32941176  0.464354460738
5  1  3.32941176  0.251014699448
5  2  3.32941176  0.274854003809
6  1  3.32941176  0.274854003809
6  2  3.32941176  0.251014699448
5  3  3.32941176  0.253867581635
5  4  3.32941176  0.264563160885
6  3  3.32941176  0.264563160885
6  4  3.32941176  0.253867581635
6  5  3.32941176  0.245477679326
7  1  3.32941176  0.251014699448
7  2  3.32941176  0.274854003809
8  1  3.32941176  0.274854003809
8  2  3.32941176  0.251014699448
7  3  3.32941176  0.253867581635
7  4  3.32941176  0.264563160885
8  3  3.32941176  0.264563160885
8  4  3.32941176  0.253867581635
7  5  3.32941176  0.206703384691
7  6  3.32941176  0.219628149569
8  5  3.32941176  0.219628149569
8  6  3.32941176  0.206703384691
8  7  3.32941176  0.245477679326
2  1  3.40588235  0.465344351377
3  1  3.40588235  0.277874443312
3  2  3.40588235  0.453662448672
4  1  3.40588235  0.453662448672
4  2  3.40588235  0.277874443312
4  3  3.40588235  0.462915192459
5  1  3.40588235  0.249510630282
5  2  3.40588235  0.273107788250
6  1  3.40588235  0.273107788250
6  2  3.40588235  0.249510630282
5  3  3.40588235  0.252673915846
5  4  3.40588235  0.263314163431
6  3  3.40588235  0.263314163431
6  4  3.40588235  0.252673915846
6  5  3.40588235  0.244375567087
7  1  3.40588235  0.249510630282
7  2  3.40588235  0.273107788250
8  1  3.40588235  0.273107788250
8  2  3.40588235  0.249510630282
7  3  3.40588235  0.252673915846
7  4  3.40588235  0.263314163431
8  3  3.40588235  0.263314163431
8  4  3.40588235  0.252673915846
7  5  3.40588235  0.205896801125
7  6  3.40588235  0.218723056446
8  5  3.40588235  0.218723056446
8  6  3.40588235  0.205896801125
8  7  3.40588235  0.244375567087
2  1  3.48235294  0.460618465472
3  1  3.48235294  0.273469829232
3  2  3.48235294  0.451105841103
4  1  3.48235294  0.451105841103
4  2  3.48235294  0.273469829232
4  3  3.48235294  0.461357307712
5  1  3.48235294  0.248031734751
5  2  3.48235294  0.271379551300
6  1  3.48235294  0.271379551300
6  2  3.48235294  0.248031734751
5  3  3.48235294  0.251466618549
5  4  3.48235294  0.262056520198
6  3  3.48235294  0.262056520198
6  4  3.48235294  0.251466618549
6  5  3.48235294  0.243271637743
7  1  3.48235294  0.248031734751
7  2  3.48235294  0.271379551300
8  1  3.48235294  0.271379551300
8  2  3.48235294  0.248031734751
7  3  3.48235294  0.251466618549
7  4  3.48235294  0.262056520198
8  3  3.48235294  0.262056520198
8  4  3.48235294  0.251466618549
7  5  3.48235294  0.205091345852
7  6  3.48235294  0.217818109816
8  5  3.48235294  0.217818109816
8  6  3.48235294  0.205091345852
8  7  3.48235294  0.243271637743
2  1  3.55882353  0.456109080758
3  1  3.55882353  0.269125647497
3  2  3.55882353  0.448576895736
4  1  3.55882353  0.448576895736
4  2  3.55882353  0.269125647497
4  3  3.55882353  0.459698492279
5  1  3.55882353  0.246577616746
5  2  3.55882353  0.269669959622
6  1  3.55882353  0.269669959622
6  2  3.55882353  0.246577616746
5  3  3.55882353  0.250248954238
5  4  3.55882353  0.260793267241
6  3  3.55882353  0.260793267241
6  4  3.55882353  0.250248954238
6  5  3.55882353  0.242166483734
7  1  3.55882353  0.246577616746
7  2  3.55882353  0.269669959622
8  1  3.55882353  0.269669959622
8  2  3.55882353  0.246577616746
7  3  3.55882353  0.250248954238
7  4  3.55882353  0.260793267241
8  3  3.55882353  0.260793267241
8  4  3.55882353  0.250248954238
7  5  3.55882353  0.204287450024
7  6  3.55882353  0.216913794594
8  5  3.55882353  0.216913794594
8  6  3.55882353  0.204287450024
8  7  3.55882353  0.242166483734
2  1  3.63529412  0.451807589228
3  1  3.63529412  0.264845203895
3  2  3.63529412  0.446082224054
4  1  3.63529412  0.446082224054
4  2  3.63529412  0.264845203895
4  3  3.63529412  0.457954988559
5  1  3.63529412  0.245147855038
5  2  3.63529412  0.267979614127
6  1  3.63529412  0.267979614127
6  2  3.63529412  0.245147855038
5  3  3.63529412  0.249023881089
5  4  3.63529412  0.259527140364
6  3  3.63529412  0.259527140364
6  4  3.63529412  0.249023881089
6  5  3.63529412  0.241060645597
7  1  3.63529412  0.245147855038
7  2  3.63529412  0.267979614127
8  1  3.63529412  0.267979614127
8  2  3.63529412  0.245147855038
7  3  3.63529412  0.249023881089
7  4  3.63529412  0.259527140364
8  3  3.63529412  0.259527140364
8  4  3.63529412  0.249023881089
7  5  3.63529412  0.203485487436
7  6  3.63529412  0.216010540156
8  5  3.63529412  0.216010540156
8  6  3.63529412  0.203485487436
8  7  3.63529412  0.241060645597
2  1  3.71176471  0.447705750757
3  1  3.71176471  0.260631290158
3  2  3.71176471  0.443627400744
4  1  3.71176471  0.443627400744
4  2  3.71176471  0.260631290158
4  3  3.71176471  0.456141662646
5  1  3.71176471  0.243742011893
5  2  3.71176471  0.266309054860
6  1  3.71176471  0.266309054860
6  2  3.71176471  0.243742011893
5  3  3.71176471  0.247794073818
5  4  3.71176471  0.258260598797
6  3  3.71176471  0.258260598797
6  4  3.71176471  0.247794073818
6  5  3.71176471  0.239954614298
7  1  3.71176471  0.243742011893
7  2  3.71176471  0.266309054860
8  1  3.71176471  0.266309054860
8  2  3.71176471  0.243742011893
7  3  3.71176471  0.247794073818
7  4  3.71176471  0.258260598797
8  3  3.71176471  0.258260598797
8  4  3.71176471  0.247794073818
7  5  3.71176471  0.202685776817
7  6  3.71176471  0.215108722644
8  5  3.71176471  0.215108722644
8  6  3.71176471  0.202685776817
8  7  3.71176471  0.239954614298
2  1  3.78823529  0.443795667523
3  1  3.78823529  0.256486237516
3  2  3.78823529  0.441217076006
4  1  3.78823529  0.441217076006
4  2  3.78823529  0.256486237516
4  3  3.78823529  0.454272060900
5  1  3.78823529  0.242359641059
5  2  3.78823529  0.264658765820
6  1  3.78823529  0.264658765820
6  2  3.78823529  0.242359641059
5  3  3.78823529  0.246561943220
5  4  3.78823529  0.256995845809
6  3  3.78823529  0.256995845809
6  4  3.78823529  0.246561943220
6  5  3.78823529  0.238848834082
7  1  3.78823529  0.242359641059
7  2  3.78823529  0.264658765820
8  1  3.78823529  0.264658765820
8  2  3.78823529  0.242359641059
7  3  3.78823529  0.246561943220
7  4  3.78823529  0.256995845809
8  3  3.78823529  0.256995845809
8  4  3.78823529  0.246561943220
7  5  3.78823529  0.201888584637
7  6  3.78823529  0.214208667785
8  5  3.78823529  0.214208667785
8  6  3.78823529  0.201888584637
8  7  3.78823529  0.238848834082
2  1  3.86470588  0.440069761222
3  1  3.86470588  0.252411961715
3  2  3.86470588  0.438855073318
4  1  3.86470588  0.438855073318
4  2  3.86470588  0.252411961715
4  3  3.86470588  0.452358461753
5  1  3.86470588  0.241000294952
5  2  3.86470588  0.263029179762
6  1  3.86470588  0.263029179762
6  2  3.86470588  0.241000294952
5  3  3.86470588  0.245329653609
5  4  3.86470588  0.255734847282
6  3  3.86470588  0.255734847282
6  4  3.86470588  0.245329653609
6  5  3.86470588  0.237743705971
7  1  3.86470588  0.241000294952
7  2  3.86470588  0.263029179762
8  1  3.86470588  0.263029179762
8  2  3.86470588  0.241000294952
7  3  3.86470588  0.245329653609
7  4  3.86470588  0.255734847282
8  3  3.86470588  0.255734847282
8  4  3.86470588  0.245329653609
7  5  3.86470588  0.201094128482
7  6  3.86470588  0.213310654312
8  5  3.86470588  0.213310654312
8  6  3.86470588  0.201094128482
8  7  3.86470588  0.237743705971
2  1  3.94117647  0.436520751941
3  1  3.94117647  0.248410001991
3  2  3.94117647  0.436544475772
4  1  3.94117647  0.436544475772
4  2  3.94117647  0.248410001991
4  3  3.94117647  0.450411927372
5  1  3.94117647  0.239663530942
5  2  3.94117647  0.261420683055
6  1  3.94117647  0.261420683055
6  2  3.94117647  0.239663530942
5  3  3.94117647  0.244099139168
5  4  3.94117647  0.254479349168
6  3  3.94117647  0.254479349168
6  4  3.94117647  0.244099139168
6  5  3.94117647  0.236639591933
7  1  3.94117647  0.239663530942
7  2  3.94117647  0.261420683055
8  1  3.94117647  0.261420683055
8  2  3.94117647  0.239663530942
7  3  3.94117647  0.244099139168
7  4  3.94117647  0.254479349168
8  3  3.94117647  0.254479349168
8  4  3.94117647  0.244099139168
7  5  3.94117647  0.200302581049
7  6  3.94117647  0.212414918010
8  5  3.94117647  0.212414918010
8  6  3.94117647  0.200302581049
8  7  3.94117647  0.236639591933
2  1  4.01764706  0.433141637919
3  1  4.01764706  0.244481555813
3  2  4.01764706  0.434287703411
4  1  4.01764706  0.434287703411
4  2  4.01764706  0.244481555813
4  3  4.01764706  0.448442358268
5  1  4.01764706  0.238348916576
5  2  4.01764706  0.259833620407
6  1  4.01764706  0.259833620407
6  2  4.01764706  0.238348916576
5  3  4.01764706  0.242872119844
5  4  4.01764706  0.253230894290
6  3  4.01764706  0.253230894290
6  4  4.01764706  0.242872119844
6  5  4.01764706  0.235536819567
7  1  4.01764706  0.238348916576
7  2  4.01764706  0.259833620407
8  1  4.01764706  0.259833620407
8  2  4.01764706  0.238348916576
7  3  4.01764706  0.242872119844
7  4  4.01764706  0.253230894290
8  3  4.01764706  0.253230894290
8  4  4.01764706  0.242872119844
7  5  4.01764706  0.199514074604
7  6  4.01764706  0.211521656258
8  5  4.01764706  0.211521656258
8  6  4.01764706  0.199514074604
8  7  4.01764706  0.235536819567
2  1  4.09411765  0.429925675583
3  1  4.09411765  0.240627510560
3  2  4.09411765  0.432086583161
4  1  4.09411765  0.432086583161
4  2  4.09411765  0.240627510560
4  3  4.09411765  0.446458552423
5  1  4.09411765  0.237056033850
5  2  4.09411765  0.258268299610
6  1  4.09411765  0.258268299610
6  2  4.09411765  0.237056033850
5  3  4.09411765  0.241650117231
5  4  4.09411765  0.251990838911
6  3  4.09411765  0.251990838911
6  4  4.09411765  0.241650117231
6  5  4.09411765  0.234435687473
7  1  4.09411765  0.237056033850
7  2  4.09411765  0.258268299610
8  1  4.09411765  0.258268299610
8  2  4.09411765  0.237056033850
7  3  4.09411765  0.241650117231
7  4  4.09411765  0.251990838911
8  3  4.09411765  0.251990838911
8  4  4.09411765  0.241650117231
7  5  4.09411765  0.198728706012
7  6  4.09411765  0.210631033166
8  5  4.09411765  0.210631033166
8  6  4.09411765  0.198728706012
8  7  4.09411765  0.234435687473
2  1  4.17058824  0.426866359606
3  1  4.17058824  0.236848472984
3  2  4.17058824  0.429942412655
4  1  4.17058824  0.429942412655
4  2  4.17058824  0.236848472984
4  3  4.17058824  0.444468269699
5  1  4.17058824  0.235784482499
5  2  4.17058824  0.256724996142
6  1  4.17058824  0.256724996142
6  2  4.17058824  0.235784482499
5  3  4.17058824  0.240434470595
5  4  4.17058824  0.250760369147
6  3  4.17058824  0.250760369147
6  4  4.17058824  0.240434470595
6  5  4.17058824  0.233336471066
7  1  4.17058824  0.235784482499
7  2  4.17058824  0.256724996142
8  1  4.17058824  0.256724996142
8  2  4.17058824  0.235784482499
7  3  4.17058824  0.240434470595
7  4  4.17058824  0.250760369147
8  3  4.17058824  0.250760369147
8  4  4.17058824  0.240434470595
7  5  4.17058824  0.197946542146
7  6  4.17058824  0.209743185120
8  5  4.17058824  0.209743185120
8  6  4.17058824  0.197946542146
8  7  4.17058824  0.233336471066
2  1  4.24705882  0.423957402944
3  1  4.24705882  0.233144796884
3  2  4.24705882  0.427856018801
4  1  4.24705882  0.427856018801
4  2  4.24705882  0.233144796884
4  3  4.24705882  0.442478301128
5  1  4.24705882  0.234533882363
5  2  4.24705882  0.255203957548
6  1  4.24705882  0.255203957548
6  2  4.24705882  0.234533882363
5  3  4.24705882  0.239226353065
5  4  4.24705882  0.249540517224
6  3  4.24705882  0.249540517224
6  4  4.24705882  0.239226353065
6  5  4.24705882  0.232239428777
7  1  4.24705882  0.234533882363
7  2  4.24705882  0.255203957548
8  1  4.24705882  0.255203957548
8  2  4.24705882  0.234533882363
7  3  4.24705882  0.239226353065
7  4  4.24705882  0.249540517224
8  3  4.24705882  0.249540517224
8  4  4.24705882  0.239226353065
7  5  4.24705882  0.197167625607
7  6  4.24705882  0.208858226663
8  5  4.24705882  0.208858226663
8  6  4.24705882  0.197167625607
8  7  4.24705882  0.232239428777
2  1  4.32352941  0.421192717050
3  1  4.32352941  0.229516609168
3  2  4.32352941  0.425827811697
4  1  4.32352941  0.425827811697
4  2  4.32352941  0.229516609168
4  3  4.32352941  0.440494542009
5  1  4.32352941  0.233303874964
5  2  4.32352941  0.253705407530
6  1  4.32352941  0.253705407530
6  2  4.32352941  0.233303874964
5  3  4.32352941  0.238026787846
5  4  4.32352941  0.248332177446
6  3  4.32352941  0.248332177446
6  4  4.32352941  0.238026787846
6  5  4.32352941  0.231144808536
7  1  4.32352941  0.233303874964
7  2  4.32352941  0.253705407530
8  1  4.32352941  0.253705407530
8  2  4.32352941  0.233303874964
7  3  4.32352941  0.238026787846
7  4  4.32352941  0.248332177446
8  3  4.32352941  0.248332177446
8  4  4.32352941  0.238026787846
7  5  4.32352941  0.196391980629
7  6  4.32352941  0.207976256598
8  5  4.32352941  0.207976256598
8  6  4.32352941  0.196391980629
8  7  4.32352941  0.231144808536
2  1  4.40000000  0.418566392621
3  1  4.40000000  0.225963834301
3  2  4.40000000  0.423857834285
4  1  4.40000000  0.423857834285
4  2  4.40000000  0.225963834301
4  3  4.40000000  0.438522067320
5  1  4.40000000  0.232094124383
5  2  4.40000000  0.252229549615
6  1  4.40000000  0.252229549615
6  2  4.40000000  0.232094124383
5  3  4.40000000  0.236836664235
5  4  4.40000000  0.247136121665
6  3  4.40000000  0.247136121665
6  4  4.40000000  0.236836664235
6  5  4.40000000  0.230052854394
7  1  4.40000000  0.232094124383
7  2  4.40000000  0.252229549615
8  1  4.40000000  0.252229549615
8  2  4.40000000  0.232094124383
7  3  4.40000000  0.236836664235
7  4  4.40000000  0.247136121665
8  3  4.40000000  0.247136121665
8  4  4.40000000  0.236836664235
7  5  4.40000000  0.195619619052
7  6  4.40000000  0.207097364166
8  5  4.40000000  0.207097364166
8  6  4.40000000  0.195619619052
8  7  4.40000000  0.230052854394
2  1  4.47647059  0.416072681309
3  1  4.47647059  0.222486217091
3  2  4.47647059  0.421945808038
4  1  4.47647059  0.421945808038
4  2  4.47647059  0.222486217091
4  3  4.47647059  0.436565207785
5  1  4.47647059  0.230904317533
5  2  4.47647059  0.250776570314
6  1  4.47647059  0.250776570314
6  2  4.47647059  0.230904317533
5  3  4.47647059  0.235656753152
5  4  4.47647059  0.245953013999
6  3  4.47647059  0.245953013999
6  4  4.47647059  0.235656753152
6  5  4.47647059  0.228963813115
7  1  4.47647059  0.230904317533
7  2  4.47647059  0.250776570314
8  1  4.47647059  0.250776570314
8  2  4.47647059  0.230904317533
7  3  4.47647059  0.235656753152
7  4  4.47647059  0.245953013999
8  3  4.47647059  0.245953013999
8  4  4.47647059  0.235656753152
7  5  4.47647059  0.194850546209
7  6  4.47647059  0.206221635178
8  5  4.47647059  0.206221635178
8  6  4.47647059  0.194850546209
8  7  4.47647059  0.228963813115
2  1  4.55294118  0.413705978863
3  1  4.55294118  0.219083343682
3  2  4.55294118  0.420091174937
4  1  4.55294118  0.420091174937
4  2  4.55294118  0.219083343682
4  3  4.55294118  0.434627624977
5  1  4.55294118  0.229734163903
5  2  4.55294118  0.249346641630
6  1  4.55294118  0.249346641630
6  2  4.55294118  0.229734163903
5  3  4.55294118  0.234487721920
5  4  4.55294118  0.244783424586
6  3  4.55294118  0.244783424586
6  4  4.55294118  0.234487721920
6  5  4.55294118  0.227877940547
7  1  4.55294118  0.229734163903
7  2  4.55294118  0.249346641630
8  1  4.55294118  0.249346641630
8  2  4.55294118  0.229734163903
7  3  4.55294118  0.234487721920
7  4  4.55294118  0.244783424586
8  3  4.55294118  0.244783424586
8  4  4.55294118  0.234487721920
7  5  4.55294118  0.194084766558
7  6  4.55294118  0.205349157888
8  5  4.55294118  0.205349157888
8  6  4.55294118  0.194084766558
8  7  4.55294118  0.227877940547
2  1  4.62941176  0.411460810148
3  1  4.62941176  0.215754660715
3  2  4.62941176  0.418293135980
4  1  4.62941176  0.418293135980
4  2  4.62941176  0.215754660715
4  3  4.62941176  0.432712384090
5  1  4.62941176  0.228583394798
5  2  4.62941176  0.247939922818
6  1  4.62941176  0.247939922818
6  2  4.62941176  0.228583394798
5  3  4.62941176  0.233330148012
5  4  4.62941176  0.243627842104
6  3  4.62941176  0.243627842104
6  4  4.62941176  0.233330148012
6  5  4.62941176  0.226795507510
7  1  4.62941176  0.228583394798
7  2  4.62941176  0.247939922818
8  1  4.62941176  0.247939922818
8  2  4.62941176  0.228583394798
7  3  4.62941176  0.233330148012
7  4  4.62941176  0.243627842104
8  3  4.62941176  0.243627842104
8  4  4.62941176  0.233330148012
7  5  4.62941176  0.193322288889
7  6  4.62941176  0.204480028429
8  5  4.62941176  0.204480028429
8  6  4.62941176  0.193322288889
8  7  4.62941176  0.226795507510
2  1  4.70588235  0.409331816424
3  1  4.70588235  0.212499492598
3  2  4.70588235  0.416550686436
4  1  4.70588235  0.416550686436
4  2  4.70588235  0.212499492598
4  3  4.70588235  0.430822023176
5  1  4.70588235  0.227451762119
5  2  4.70588235  0.246556561306
6  1  4.70588235  0.246556561306
6  2  4.70588235  0.227451762119
5  3  4.70588235  0.232184531523
5  4  4.70588235  0.242486684901
6  3  4.70588235  0.242486684901
6  4  4.70588235  0.232184531523
6  5  4.70588235  0.225716804979
7  1  4.70588235  0.227451762119
7  2  4.70588235  0.246556561306
8  1  4.70588235  0.246556561306
8  2  4.70588235  0.227451762119
7  3  4.70588235  0.232184531523
7  4  4.70588235  0.242486684901
8  3  4.70588235  0.242486684901
8  4  4.70588235  0.232184531523
7  5  4.70588235  0.192563130928
7  6  4.70588235  0.203614355611
8  5  4.70588235  0.203614355611
8  6  4.70588235  0.192563130928
8  7  4.70588235  0.225716804979
2  1  4.78235294  0.407313745161
3  1  4.78235294  0.209317056927
3  2  4.78235294  0.414862648107
4  1  4.78235294  0.414862648107
4  2  4.78235294  0.209317056927
4  3  4.78235294  0.428958618024
5  1  4.78235294  0.226339036683
5  2  4.78235294  0.245196692703
6  1  4.78235294  0.245196692703
6  2  4.78235294  0.226339036683
5  3  4.78235294  0.231051306211
5  4  4.78235294  0.241360310600
6  3  4.78235294  0.241360310600
6  4  4.78235294  0.231051306211
6  5  4.78235294  0.224642148299
7  1  4.78235294  0.226339036683
7  2  4.78235294  0.245196692703
8  1  4.78235294  0.245196692703
8  2  4.78235294  0.226339036683
7  3  4.78235294  0.231051306211
7  4  4.78235294  0.241360310600
8  3  4.78235294  0.241360310600
8  4  4.78235294  0.231051306211
7  5  4.78235294  0.191807323157
7  6  4.78235294  0.202752264871
8  5  4.78235294  0.202752264871
8  6  4.78235294  0.191807323157
8  7  4.78235294  0.224642148299
2  1  4.85882353  0.405401442574
3  1  4.85882353  0.206206478104
3  2  4.85882353  0.413227698766
4  1  4.85882353  0.413227698766
4  2  4.85882353  0.206206478104
4  3  4.85882353  0.427123842019
5  1  4.85882353  0.225245006080
5  2  4.85882353  0.243860439875
6  1  4.85882353  0.243860439875
6  2  4.85882353  0.225245006080
5  3  4.85882353  0.229930848953
5  4  4.85882353  0.240249024096
6  3  4.85882353  0.240249024096
6  4  4.85882353  0.229930848953
6  5  4.85882353  0.223571880169
7  1  4.85882353  0.225245006080
7  2  4.85882353  0.243860439875
8  1  4.85882353  0.243860439875
8  2  4.85882353  0.225245006080
7  3  4.85882353  0.229930848953
7  4  4.85882353  0.240249024096
8  3  4.85882353  0.240249024096
8  4  4.85882353  0.229930848953
7  5  4.85882353  0.191054911708
7  6  4.85882353  0.201893901195
8  5  4.85882353  0.201893901195
8  6  4.85882353  0.191054911708
8  7  4.85882353  0.223571880169
2  1  4.93529412  0.403589848932
3  1  4.93529412  0.203166799271
3  2  4.93529412  0.411644399030
4  1  4.93529412  0.411644399030
4  2  4.93529412  0.203166799271
4  3  4.93529412  0.425319020672
5  1  4.93529412  0.224169472079
5  2  4.93529412  0.242547911127
6  1  4.93529412  0.242547911127
6  2  4.93529412  0.224169472079
5  3  4.93529412  0.228823487608
5  4  4.93529412  0.239153083983
6  3  4.93529412  0.239153083983
6  4  4.93529412  0.228823487608
6  5  4.93529412  0.222506372205
7  1  4.93529412  0.224169472079
7  2  4.93529412  0.242547911127
8  1  4.93529412  0.242547911127
8  2  4.93529412  0.224169472079
7  3  4.93529412  0.228823487608
7  4  4.93529412  0.239153083983
8  3  4.93529412  0.239153083983
8  4  4.93529412  0.228823487608
7  5  4.93529412  0.190305960191
7  6  4.93529412  0.201039430862
8  5  4.93529412  0.201039430862
8  6  4.93529412  0.190305960191
8  7  4.93529412  0.222506372205
2  1  5.01176471  0.401873996571
3  1  5.01176471  0.200196992720
3  2  5.01176471  0.410111216805
4  1  5.01176471  0.410111216805
4  2  5.01176471  0.200196992720
4  3  5.01176471  0.423545180686
5  1  5.01176471  0.223112247631
5  2  5.01176471  0.241259197560
6  1  5.01176471  0.241259197560
6  2  5.01176471  0.223112247631
5  3  5.01176471  0.227729507278
5  4  5.01176471  0.238072707449
6  3  5.01176471  0.238072707449
6  4  5.01176471  0.227729507278
6  5  5.01176471  0.221446024937
7  1  5.01176471  0.223112247631
7  2  5.01176471  0.241259197560
8  1  5.01176471  0.241259197560
8  2  5.01176471  0.223112247631
7  3  5.01176471  0.227729507278
7  4  5.01176471  0.238072707449
8  3  5.01176471  0.238072707449
8  4  5.01176471  0.227729507278
7  5  5.01176471  0.189560550395
7  6  5.01176471  0.200189041909
8  5  5.01176471  0.200189041909
8  6  5.01176471  0.189560550395
8  7  5.01176471  0.221446024937
2  1  5.08823529  0.400249010442
3  1  5.08823529  0.197295968945
3  2  5.08823529  0.408626549503
4  1  5.08823529  0.408626549503
4  2  5.08823529  0.197295968945
4  3  5.08823529  0.421803093616
5  1  5.08823529  0.222073153508
5  2  5.08823529  0.239994369780
6  1  5.08823529  0.239994369780
6  2  5.08823529  0.222073153508
5  3  5.08823529  0.226649155097
5  4  5.08823529  0.237008073830
6  3  5.08823529  0.237008073830
6  4  5.08823529  0.226649155097
6  5  5.08823529  0.220391266189
7  1  5.08823529  0.222073153508
7  2  5.08823529  0.239994369780
8  1  5.08823529  0.239994369780
8  2  5.08823529  0.222073153508
7  3  5.08823529  0.226649155097
7  4  5.08823529  0.237008073830
8  3  5.08823529  0.237008073830
8  4  5.08823529  0.226649155097
7  5  5.08823529  0.188818781864
7  6  5.08823529  0.199342943306
8  5  5.08823529  0.199342943306
8  6  5.08823529  0.188818781864
8  7  5.08823529  0.220391266189
2  1  5.16470588  0.398710110899
3  1  5.16470588  0.194462584537
3  2  5.16470588  0.407188744133
4  1  5.16470588  0.407188744133
4  2  5.16470588  0.194462584537
4  3  5.16470588  0.420093314331
5  1  5.16470588  0.221052014697
5  2  5.16470588  0.238753474136
6  1  5.16470588  0.238753474136
6  2  5.16470588  0.221052014697
5  3  5.16470588  0.225582643686
5  4  5.16470588  0.235959326985
6  3  5.16470588  0.235959326985
6  4  5.16470588  0.225582643686
6  5  5.16470588  0.219342547889
7  1  5.16470588  0.221052014697
7  2  5.16470588  0.238753474136
8  1  5.16470588  0.238753474136
8  2  5.16470588  0.221052014697
7  3  5.16470588  0.225582643686
7  4  5.16470588  0.235959326985
8  3  5.16470588  0.235959326985
8  4  5.16470588  0.225582643686
7  5  5.16470588  0.188080770367
7  6  5.16470588  0.198501362874
8  5  5.16470588  0.198501362874
8  6  5.16470588  0.188080770367
8  7  5.16470588  0.219342547889
2  1  5.24117647  0.397252618361
3  1  5.24117647  0.191695649106
3  2  5.24117647  0.405796115402
4  1  5.24117647  0.405796115402
4  2  5.24117647  0.191695649106
4  3  5.24117647  0.418416214605
5  1  5.24117647  0.220048656604
5  2  5.24117647  0.237536528669
6  1  5.24117647  0.237536528669
6  2  5.24117647  0.220048656604
5  3  5.24117647  0.224530153456
5  4  5.24117647  0.234926576714
6  3  5.24117647  0.234926576714
6  4  5.24117647  0.224530153456
6  5  5.24117647  0.218300341398
7  1  5.24117647  0.220048656604
7  2  5.24117647  0.237536528669
8  1  5.24117647  0.237536528669
8  2  5.24117647  0.220048656604
7  3  5.24117647  0.224530153456
7  4  5.24117647  0.234926576714
8  3  5.24117647  0.234926576714
8  4  5.24117647  0.224530153456
7  5  5.24117647  0.187346645362
7  6  5.24117647  0.197664544041
8  5  5.24117647  0.197664544041
8  6  5.24117647  0.187346645362
8  7  5.24117647  0.218300341398
2  1  5.31764706  0.395871959627
3  1  5.31764706  0.188993931261
3  2  5.31764706  0.404446962114
4  1  5.31764706  0.404446962114
4  2  5.31764706  0.188993931261
4  3  5.31764706  0.416772012337
5  1  5.31764706  0.219062901135
5  2  5.31764706  0.236343518825
6  1  5.31764706  0.236343518825
6  2  5.31764706  0.219062901135
5  3  5.31764706  0.223491833886
5  4  5.31764706  0.233909899297
6  3  5.31764706  0.233909899297
6  4  5.31764706  0.223491833886
6  5  5.31764706  0.217265131554
7  1  5.31764706  0.219062901135
7  2  5.31764706  0.236343518825
8  1  5.31764706  0.236343518825
8  2  5.31764706  0.219062901135
7  3  5.31764706  0.223491833886
7  4  5.31764706  0.233909899297
8  3  5.31764706  0.233909899297
8  4  5.31764706  0.223491833886
7  5  5.31764706  0.186616546504
7  6  5.31764706  0.196832741521
8  5  5.31764706  0.196832741521
8  6  5.31764706  0.186616546504
8  7  5.31764706  0.217265131554
2  1  5.39411765  0.394563676505
3  1  5.39411765  0.186356163778
3  2  5.39411765  0.403139582934
4  1  5.39411765  0.403139582934
4  2  5.39411765  0.186356163778
4  3  5.39411765  0.415160797468
5  1  5.39411765  0.218094563173
5  2  5.39411765  0.235174393225
6  1  5.39411765  0.235174393225
6  2  5.39411765  0.218094563173
5  3  5.39411765  0.222467804345
5  4  5.39411765  0.232909337613
6  3  5.39411765  0.232909337613
6  4  5.39411765  0.222467804345
6  5  5.39411765  0.216237410386
7  1  5.39411765  0.218094563173
7  2  5.39411765  0.235174393225
8  1  5.39411765  0.235174393225
8  2  5.39411765  0.218094563173
7  3  5.39411765  0.222467804345
7  4  5.39411765  0.232909337613
8  3  5.39411765  0.232909337613
8  4  5.39411765  0.222467804345
7  5  5.39411765  0.185890619773
7  6  5.39411765  0.196006216644
8  5  5.39411765  0.196006216644
8  6  5.39411765  0.185890619773
8  7  5.39411765  0.216237410386
2  1  5.47058824  0.393323436992
3  1  5.47058824  0.183781039101
3  2  5.47058824  0.401872283945
4  1  5.47058824  0.401872283945
4  2  5.47058824  0.183781039101
4  3  5.47058824  0.413582538470
5  1  5.47058824  0.217143462292
5  2  5.47058824  0.234029082819
6  1  5.47058824  0.234029082819
6  2  5.47058824  0.217143462292
5  3  5.47058824  0.221458167900
5  4  5.47058824  0.231924922322
6  3  5.47058824  0.231924922322
6  4  5.47058824  0.221458167900
6  5  5.47058824  0.215217684844
7  1  5.47058824  0.217143462292
7  2  5.47058824  0.234029082819
8  1  5.47058824  0.234029082819
8  2  5.47058824  0.217143462292
7  3  5.47058824  0.221458167900
7  4  5.47058824  0.231924922322
8  3  5.47058824  0.231924922322
8  4  5.47058824  0.221458167900
7  5  5.47058824  0.185169030132
7  6  5.47058824  0.195185248369
8  5  5.47058824  0.195185248369
8  6  5.47058824  0.185169030132
8  7  5.47058824  0.215217684844
2  1  5.54705882  0.392147042852
3  1  5.54705882  0.181267248923
3  2  5.54705882  0.400643406914
4  1  5.54705882  0.400643406914
4  2  5.54705882  0.181267248923
4  3  5.54705882  0.412037141086
5  1  5.54705882  0.216209363465
5  2  5.54705882  0.232907415045
6  1  5.54705882  0.232907415045
6  2  5.54705882  0.216209363465
5  3  5.54705882  0.220462955917
5  4  5.54705882  0.230956590075
6  3  5.54705882  0.230956590075
6  4  5.54705882  0.220462955917
6  5  5.54705882  0.214206402890
7  1  5.54705882  0.216209363465
7  2  5.54705882  0.232907415045
8  1  5.54705882  0.232907415045
8  2  5.54705882  0.216209363465
7  3  5.54705882  0.220462955917
7  4  5.54705882  0.230956590075
8  3  5.54705882  0.230956590075
8  4  5.54705882  0.220462955917
7  5  5.54705882  0.184451888525
7  6  5.54705882  0.194370059980
8  5  5.54705882  0.194370059980
8  6  5.54705882  0.184451888525
8  7  5.54705882  0.214206402890
2  1  5.62352941  0.391030422837
3  1  5.62352941  0.178813436726
3  2  5.62352941  0.399451301665
4  1  5.62352941  0.399451301665
4  2  5.62352941  0.178813436726
4  3  5.62352941  0.410524397876
5  1  5.62352941  0.215292071989
5  2  5.62352941  0.231809258578
6  1  5.62352941  0.231809258578
6  2  5.62352941  0.215292071989
5  3  5.62352941  0.219482227878
5  4  5.62352941  0.230004328895
6  3  5.62352941  0.230004328895
6  4  5.62352941  0.219482227878
6  5  5.62352941  0.213204063434
7  1  5.62352941  0.215292071989
7  2  5.62352941  0.231809258578
8  1  5.62352941  0.231809258578
8  2  5.62352941  0.215292071989
7  3  5.62352941  0.219482227878
7  4  5.62352941  0.230004328895
8  3  5.62352941  0.230004328895
8  4  5.62352941  0.219482227878
7  5  5.62352941  0.183739368213
7  6  5.62352941  0.193560933287
8  5  5.62352941  0.193560933287
8  6  5.62352941  0.183739368213
8  7  5.62352941  0.213204063434
2  1  5.70000000  0.389969666494
3  1  5.70000000  0.176418248675
3  2  5.70000000  0.398294386806
4  1  5.70000000  0.398294386806
4  2  5.70000000  0.176418248675
4  3  5.70000000  0.409044082742
5  1  5.70000000  0.214391326851
5  2  5.70000000  0.230734360416
6  1  5.70000000  0.230734360416
6  2  5.70000000  0.214391326851
5  3  5.70000000  0.218515964407
5  4  5.70000000  0.229068020186
6  3  5.70000000  0.229068020186
6  4  5.70000000  0.218515964407
6  5  5.70000000  0.212211089987
7  1  5.70000000  0.214391326851
7  2  5.70000000  0.230734360416
8  1  5.70000000  0.230734360416
8  2  5.70000000  0.214391326851
7  3  5.70000000  0.218515964407
7  4  5.70000000  0.229068020186
8  3  5.70000000  0.229068020186
8  4  5.70000000  0.218515964407
7  5  5.70000000  0.183031572401
7  6  5.70000000  0.192758078263
8  5  5.70000000  0.192758078263
8  6  5.70000000  0.183031572401
8  7  5.70000000  0.212211089987
2  1  5.77647059  0.388961012131
3  1  5.77647059  0.174080302515
3  2  5.77647059  0.397171105539
4  1  5.77647059  0.397171105539
4  2  5.77647059  0.174080302515
4  3  5.77647059  0.407595878715
5  1  5.77647059  0.213506883537
5  2  5.77647059  0.229682476975
6  1  5.77647059  0.229682476975
6  2  5.77647059  0.213506883537
5  3  5.77647059  0.217564149897
5  4  5.77647059  0.228147565297
6  3  5.77647059  0.228147565297
6  4  5.77647059  0.217564149897
6  5  5.77647059  0.211227909627
7  1  5.77647059  0.213506883537
7  2  5.77647059  0.229682476975
8  1  5.77647059  0.229682476975
8  2  5.77647059  0.213506883537
7  3  5.77647059  0.217564149897
7  4  5.77647059  0.228147565297
8  3  5.77647059  0.228147565297
8  4  5.77647059  0.217564149897
7  5  5.77647059  0.182328628813
7  6  5.77647059  0.191961722417
8  5  5.77647059  0.191961722417
8  6  5.77647059  0.182328628813
8  7  5.77647059  0.211227909627
2  1  5.85294118  0.388000863392
3  1  5.85294118  0.171798217299
3  2  5.85294118  0.396079965369
4  1  5.85294118  0.396079965369
4  2  5.85294118  0.171798217299
4  3  5.85294118  0.406179445662
5  1  5.85294118  0.212638471827
5  2  5.85294118  0.228653310026
6  1  5.85294118  0.228653310026
6  2  5.85294118  0.212638471827
5  3  5.85294118  0.216626735484
5  4  5.85294118  0.227242826289
6  3  5.85294118  0.227242826289
6  4  5.85294118  0.216626735484
6  5  5.85294118  0.210254907999
7  1  5.85294118  0.212638471827
7  2  5.85294118  0.228653310026
8  1  5.85294118  0.228653310026
8  2  5.85294118  0.212638471827
7  3  5.85294118  0.216626735484
7  4  5.85294118  0.227242826289
8  3  5.85294118  0.227242826289
8  4  5.85294118  0.216626735484
7  5  5.85294118  0.181630638492
7  6  5.85294118  0.191172061661
8  5  5.85294118  0.191172061661
8  6  5.85294118  0.181630638492
8  7  5.85294118  0.210254907999
2  1  5.92941176  0.387085790016
3  1  5.92941176  0.169570601046
3  2  5.92941176  0.395019524273
4  1  5.92941176  0.395019524273
4  2  5.92941176  0.169570601046
4  3  5.92941176  0.404794395106
5  1  5.92941176  0.211785806754
5  2  5.92941176  0.227646523637
6  1  5.92941176  0.227646523637
6  2  5.92941176  0.211785806754
5  3  5.92941176  0.215703646414
5  4  5.92941176  0.226353639189
6  3  5.92941176  0.226353639189
6  4  5.92941176  0.215703646414
6  5  5.92941176  0.209292435644
7  1  5.92941176  0.211785806754
7  2  5.92941176  0.227646523637
8  1  5.92941176  0.227646523637
8  2  5.92941176  0.211785806754
7  3  5.92941176  0.215703646414
7  4  5.92941176  0.226353639189
8  3  5.92941176  0.226353639189
8  4  5.92941176  0.215703646414
7  5  5.92941176  0.180937686069
7  6  5.92941176  0.190389269261
8  5  5.92941176  0.190389269261
8  6  5.92941176  0.180937686069
8  7  5.92941176  0.209292435644
2  1  6.00588235  0.386212533224
3  1  6.00588235  0.167396062619
3  2  6.00588235  0.393988401378
4  1  6.00588235  0.393988401378
4  2  6.00588235  0.167396062619
4  3  6.00588235  0.403440310488
5  1  6.00588235  0.210948590904
5  2  6.00588235  0.226661749821
6  1  6.00588235  0.226661749821
6  2  6.00588235  0.210948590904
5  3  6.00588235  0.214794787677
5  4  6.00588235  0.225479820811
6  3  6.00588235  0.225479820811
6  4  6.00588235  0.214794787677
6  5  6.00588235  0.208340806479
7  1  6.00588235  0.210948590904
7  2  6.00588235  0.226661749821
8  1  6.00588235  0.226661749821
8  2  6.00588235  0.210948590904
7  3  6.00588235  0.214794787677
7  4  6.00588235  0.225479820811
8  3  6.00588235  0.225479820811
8  4  6.00588235  0.214794787677
7  5  6.00588235  0.180249839623
7  6  6.00588235  0.189613495242
8  5  6.00588235  0.189613495242
8  6  6.00588235  0.180249839623
8  7  6.00588235  0.208340806479
2  1  6.08235294  0.385378007760
3  1  6.08235294  0.165273213521
3  2  6.08235294  0.392985276888
4  1  6.08235294  0.392985276888
4  2  6.08235294  0.165273213521
4  3  6.08235294  0.402116748309
5  1  6.08235294  0.210126517122
5  2  6.08235294  0.225698593228
6  1  6.08235294  0.225698593228
6  2  6.08235294  0.210126517122
5  3  6.08235294  0.213900046360
5  4  6.08235294  0.224621171873
6  3  6.08235294  0.224621171873
6  4  6.08235294  0.213900046360
6  5  6.08235294  0.207400297834
7  1  6.08235294  0.210126517122
7  2  6.08235294  0.225698593228
8  1  6.08235294  0.225698593228
8  2  6.08235294  0.210126517122
7  3  6.08235294  0.213900046360
7  4  6.08235294  0.224621171873
8  3  6.08235294  0.224621171873
8  4  6.08235294  0.213900046360
7  5  6.08235294  0.179567151620
7  6  6.08235294  0.188844867025
8  5  6.08235294  0.188844867025
8  6  6.08235294  0.179567151620
8  7  6.08235294  0.207400297834
2  1  6.15882353  0.384579302856
3  1  6.15882353  0.163200671562
3  2  6.15882353  0.392008893030
4  1  6.15882353  0.392008893030
4  2  6.15882353  0.163200671562
4  3  6.15882353  0.400823242143
5  1  6.15882353  0.209319271824
5  2  6.15882353  0.224756636800
6  1  6.15882353  0.224756636800
6  2  6.15882353  0.209319271824
5  3  6.15882353  0.213019295156
5  4  6.15882353  0.223777481286
6  3  6.15882353  0.223777481286
6  4  6.15882353  0.213019295156
6  5  6.15882353  0.206471151960
7  1  6.15882353  0.209319271824
7  2  6.15882353  0.224756636800
8  1  6.15882353  0.224756636800
8  2  6.15882353  0.209319271824
7  3  6.15882353  0.213019295156
7  4  6.15882353  0.223777481286
8  3  6.15882353  0.223777481286
8  4  6.15882353  0.213019295156
7  5  6.15882353  0.178889660876
7  6  6.15882353  0.188083491237
8  5  6.15882353  0.188083491237
8  6  6.15882353  0.178889660876
8  7  6.15882353  0.206471151960
2  1  6.23529412  0.383813681783
3  1  6.23529412  0.161177064351
3  2  6.23529412  0.391058054198
4  1  6.23529412  0.391058054198
4  2  6.23529412  0.161177064351
4  3  6.23529412  0.399559306020
5  1  6.23529412  0.208526538686
5  2  6.23529412  0.223835447795
6  1  6.23529412  0.223835447795
6  2  6.23529412  0.208526538686
5  3  6.23529412  0.212152396134
5  4  6.23529412  0.222948530613
6  3  6.23529412  0.222948530613
6  4  6.23529412  0.212152396134
6  5  6.23529412  0.205553578861
7  1  6.23529412  0.208526538686
7  2  6.23529412  0.223835447795
8  1  6.23529412  0.223835447795
8  2  6.23529412  0.208526538686
7  3  6.23529412  0.212152396134
7  4  6.23529412  0.222948530613
8  3  6.23529412  0.222948530613
8  4  6.23529412  0.212152396134
7  5  6.23529412  0.178217395421
7  6  6.23529412  0.187329456568
8  5  6.23529412  0.187329456568
8  6  6.23529412  0.178217395421
8  7  6.23529412  0.205553578861
2  1  6.31176471  0.383078580061
3  1  6.31176471  0.159201032599
3  2  6.31176471  0.390131626400
4  1  6.31176471  0.390131626400
4  2  6.31176471  0.159201032599
4  3  6.31176471  0.398324437339
5  1  6.31176471  0.207748002528
5  2  6.31176471  0.222934583918
6  1  6.31176471  0.222934583918
6  2  6.31176471  0.207748002528
5  3  6.31176471  0.211299204613
5  4  6.31176471  0.222134098495
6  3  6.31176471  0.222134098495
6  4  6.31176471  0.211299204613
6  5  6.31176471  0.204647760206
7  1  6.31176471  0.207748002528
7  2  6.31176471  0.222934583918
8  1  6.31176471  0.222934583918
8  2  6.31176471  0.207748002528
7  3  6.31176471  0.211299204613
7  4  6.31176471  0.222134098495
8  3  6.31176471  0.222134098495
8  4  6.31176471  0.211299204613
7  5  6.31176471  0.177550376086
7  6  6.31176471  0.186582837460
8  5  6.31176471  0.186582837460
8  6  6.31176471  0.177550376086
8  7  6.31176471  0.204647760206
2  1  6.38823529  0.382371602443
3  1  6.38823529  0.157271233185
3  2  6.38823529  0.389228536133
4  1  6.38823529  0.389228536133
4  2  6.38823529  0.157271233185
4  3  6.38823529  0.397118119406
5  1  6.38823529  0.206983353178
5  2  6.38823529  0.222053599270
6  1  6.38823529  0.222053599270
6  2  6.38823529  0.206983353178
5  3  6.38823529  0.210459572974
5  4  6.38823529  0.221333964869
6  3  6.38823529  0.221333964869
6  4  6.38823529  0.210459572974
6  5  6.38823529  0.203753854019
7  1  6.38823529  0.206983353178
7  2  6.38823529  0.222053599270
8  1  6.38823529  0.222053599270
8  2  6.38823529  0.206983353178
7  3  6.38823529  0.210459572974
7  4  6.38823529  0.221333964869
8  3  6.38823529  0.221333964869
8  4  6.38823529  0.210459572974
7  5  6.38823529  0.176888620588
7  6  6.38823529  0.185843698399
8  5  6.38823529  0.185843698399
8  6  6.38823529  0.176888620588
8  7  6.38823529  0.203753854019
2  1  6.46470588  0.381690518793
3  1  6.46470588  0.155386341974
3  2  6.46470588  0.388347768803
4  1  6.46470588  0.388347768803
4  2  6.46470588  0.155386341974
4  3  6.46470588  0.395939823702
5  1  6.46470588  0.206232289119
5  2  6.46470588  0.221192049883
6  1  6.46470588  0.221192049883
6  2  6.46470588  0.206232289119
5  3  6.46470588  0.209633354220
5  4  6.46470588  0.220547914764
6  3  6.46470588  0.220547914764
6  4  6.46470588  0.209633354220
6  5  6.46470588  0.202871999807
7  1  6.46470588  0.206232289119
7  2  6.46470588  0.221192049883
8  1  6.46470588  0.221192049883
8  2  6.46470588  0.206232289119
7  3  6.46470588  0.209633354220
7  4  6.46470588  0.220547914764
8  3  6.46470588  0.220547914764
8  4  6.46470588  0.209633354220
7  5  6.46470588  0.176232147851
7  6  6.46470588  0.185112098503
8  5  6.46470588  0.185112098503
8  6  6.46470588  0.176232147851
8  7  6.46470588  0.202871999807
2  1  6.54117647  0.381033259033
3  1  6.54117647  0.153545056366
3  2  6.54117647  0.387488366784
4  1  6.54117647  0.387488366784
4  2  6.54117647  0.153545056366
4  3  6.54117647  0.394789011982
5  1  6.54117647  0.205494520743
5  2  6.54117647  0.220349498595
6  1  6.54117647  0.220349498595
6  2  6.54117647  0.205494520743
5  3  6.54117647  0.208820405145
5  4  6.54117647  0.219775741531
6  3  6.54117647  0.219775741531
6  4  6.54117647  0.208820405145
6  5  6.54117647  0.202002323764
7  1  6.54117647  0.205494520743
7  2  6.54117647  0.220349498595
8  1  6.54117647  0.220349498595
8  2  6.54117647  0.205494520743
7  3  6.54117647  0.208820405145
7  4  6.54117647  0.219775741531
8  3  6.54117647  0.219775741531
8  4  6.54117647  0.208820405145
7  5  6.54117647  0.175580982293
7  6  6.54117647  0.184388096116
8  5  6.54117647  0.184388096116
8  6  6.54117647  0.175580982293
8  7  6.54117647  0.202002323764
2  1  6.61764706  0.380397907189
3  1  6.61764706  0.151746097535
3  2  6.61764706  0.386649427040
4  1  6.61764706  0.386649427040
4  2  6.61764706  0.151746097535
4  3  6.61764706  0.393665137935
5  1  6.61764706  0.204769773532
5  2  6.61764706  0.219525519804
6  1  6.61764706  0.219525519804
6  2  6.61764706  0.204769773532
5  3  6.61764706  0.208020589457
5  4  6.61764706  0.219017250009
6  3  6.61764706  0.219017250009
6  4  6.61764706  0.208020589457
6  5  6.61764706  0.201144944469
7  1  6.61764706  0.204769773532
7  2  6.61764706  0.219525519804
8  1  6.61764706  0.219525519804
8  2  6.61764706  0.204769773532
7  3  6.61764706  0.208020589457
7  4  6.61764706  0.219017250009
8  3  6.61764706  0.219017250009
8  4  6.61764706  0.208020589457
7  5  6.61764706  0.174935158519
7  6  6.61764706  0.183671753836
8  5  6.61764706  0.183671753836
8  6  6.61764706  0.174935158519
8  7  6.61764706  0.201144944469
2  1  6.69411765  0.379782693620
3  1  6.69411765  0.149988212142
3  2  6.69411765  0.385830096321
4  1  6.69411765  0.385830096321
4  2  6.69411765  0.149988212142
4  3  6.69411765  0.392567645454
5  1  6.69411765  0.204057794853
5  2  6.69411765  0.218719709177
6  1  6.69411765  0.218719709177
6  2  6.69411765  0.204057794853
5  3  6.69411765  0.207233784493
5  4  6.69411765  0.218272264433
6  3  6.69411765  0.218272264433
6  4  6.69411765  0.207233784493
6  5  6.69411765  0.200299984570
7  1  6.69411765  0.204057794853
7  2  6.69411765  0.218719709177
8  1  6.69411765  0.218719709177
8  2  6.69411765  0.204057794853
7  3  6.69411765  0.207233784493
7  4  6.69411765  0.218272264433
8  3  6.69411765  0.218272264433
8  4  6.69411765  0.207233784493
7  5  6.69411765  0.174294731620
7  6  6.69411765  0.182963149270
8  5  6.69411765  0.182963149270
8  6  6.69411765  0.174294731620
8  7  6.69411765  0.200299984570
2  1  6.77058824  0.379185988988
3  1  6.77058824  0.148270174416
3  2  6.77058824  0.385029571029
4  1  6.77058824  0.385029571029
4  2  6.77058824  0.148270174416
4  3  6.77058824  0.391495974164
5  1  6.77058824  0.203358345650
5  2  6.77058824  0.217931672623
6  1  6.77058824  0.217931672623
6  2  6.77058824  0.203358345650
5  3  6.77058824  0.206459872567
5  4  6.77058824  0.217540616632
6  3  6.77058824  0.217540616632
6  4  6.77058824  0.206459872567
6  5  6.77058824  0.199467560494
7  1  6.77058824  0.203358345650
7  2  6.77058824  0.217931672623
8  1  6.77058824  0.217931672623
8  2  6.77058824  0.203358345650
7  3  6.77058824  0.206459872567
7  4  6.77058824  0.217540616632
8  3  6.77058824  0.217540616632
8  4  6.77058824  0.206459872567
7  5  6.77058824  0.173659767102
7  6  6.77058824  0.182262364899
8  5  6.77058824  0.182262364899
8  6  6.77058824  0.173659767102
8  7  6.77058824  0.199467560494
2  1  6.84705882  0.378606304373
3  1  6.84705882  0.146590788165
3  2  6.84705882  0.384247104248
4  1  6.84705882  0.384247104248
4  2  6.84705882  0.146590788165
4  3  6.84705882  0.390449572944
5  1  6.84705882  0.202671197330
5  2  6.84705882  0.217161021551
6  1  6.84705882  0.217161021551
6  2  6.84705882  0.202671197330
5  3  6.84705882  0.205698738675
5  4  6.84705882  0.216822141506
6  3  6.84705882  0.216822141506
6  4  6.84705882  0.205698738675
6  5  6.84705882  0.198647777533
7  1  6.84705882  0.202671197330
7  2  6.84705882  0.217161021551
8  1  6.84705882  0.217161021551
8  2  6.84705882  0.202671197330
7  3  6.84705882  0.205698738675
7  4  6.84705882  0.216822141506
8  3  6.84705882  0.216822141506
8  4  6.84705882  0.205698738675
7  5  6.84705882  0.173030335219
7  6  6.84705882  0.181569482657
8  5  6.84705882  0.181569482657
8  6  6.84705882  0.173030335219
8  7  6.84705882  0.198647777533
2  1  6.92352941  0.378042267745
3  1  6.92352941  0.144948886108
3  2  6.92352941  0.383481981246
4  1  6.92352941  0.383481981246
4  2  6.92352941  0.144948886108
4  3  6.92352941  0.389427873543
5  1  6.92352941  0.201996156093
5  2  6.92352941  0.216407408310
6  1  6.92352941  0.216407408310
6  2  6.92352941  0.201996156093
5  3  6.92352941  0.204950294462
5  4  6.92352941  0.216116708693
6  3  6.92352941  0.216116708693
6  4  6.92352941  0.204950294462
6  5  6.92352941  0.197840771364
7  1  6.92352941  0.201996156093
7  2  6.92352941  0.216407408310
8  1  6.92352941  0.216407408310
8  2  6.92352941  0.201996156093
7  3  6.92352941  0.204950294462
7  4  6.92352941  0.216116708693
8  3  6.92352941  0.216116708693
8  4  6.92352941  0.204950294462
7  5  6.92352941  0.172406550006
7  6  6.92352941  0.180884623792
8  5  6.92352941  0.180884623792
8  6  6.92352941  0.172406550006
8  7  6.92352941  0.197840771364
2  1  7.00000000  0.377492629039
3  1  7.00000000  0.143343332250
3  2  7.00000000  0.382733533934
4  1  7.00000000  0.382733533934
4  2  7.00000000  0.143343332250
4  3  7.00000000  0.388430313487
5  1  7.00000000  0.201333038749
5  2  7.00000000  0.215670492456
6  1  7.00000000  0.215670492456
6  2  7.00000000  0.201333038749
5  3  7.00000000  0.204214453941
5  4  7.00000000  0.215424190269
6  3  7.00000000  0.215424190269
6  4  7.00000000  0.204214453941
6  5  7.00000000  0.197046671364
7  1  7.00000000  0.201333038749
7  2  7.00000000  0.215670492456
8  1  7.00000000  0.215670492456
8  2  7.00000000  0.201333038749
7  3  7.00000000  0.204214453941
7  4  7.00000000  0.215424190269
8  3  7.00000000  0.215424190269
8  4  7.00000000  0.204214453941
7  5  7.00000000  0.171788534297
7  6  7.00000000  0.180207913319
8  5  7.00000000  0.180207913319
8  6  7.00000000  0.171788534297
8  7  7.00000000  0.197046671364
2  1  7.07647059  0.376956248251
3  1  7.07647059  0.141773021960
3  2  7.07647059  0.382001132433
4  1  7.07647059  0.382001132433
4  2  7.07647059  0.141773021960
4  3  7.07647059  0.387456329906
5  1  7.07647059  0.200681680931
5  2  7.07647059  0.214949952925
6  1  7.07647059  0.214949952925
6  2  7.07647059  0.200681680931
5  3  7.07647059  0.203491142102
5  4  7.07647059  0.214744471665
6  3  7.07647059  0.214744471665
6  4  7.07647059  0.203491142102
6  5  7.07647059  0.196265615485
7  1  7.07647059  0.200681680931
7  2  7.07647059  0.214949952925
8  1  7.07647059  0.214949952925
8  2  7.07647059  0.200681680931
7  3  7.07647059  0.203491142102
7  4  7.07647059  0.214744471665
8  3  7.07647059  0.214744471665
8  4  7.07647059  0.203491142102
7  5  7.07647059  0.171176433346
7  6  7.07647059  0.179539494059
8  5  7.07647059  0.179539494059
8  6  7.07647059  0.171176433346
8  7  7.07647059  0.196265615485
2  1  7.15294118  0.376432088465
3  1  7.15294118  0.140236882465
3  2  7.15294118  0.381284183394
4  1  7.15294118  0.381284183394
4  2  7.15294118  0.140236882465
4  3  7.15294118  0.386505361839
5  1  7.15294118  0.200041933675
5  2  7.15294118  0.214245484088
6  1  7.15294118  0.214245484088
6  2  7.15294118  0.200041933675
5  3  7.15294118  0.202780291667
5  4  7.15294118  0.214077447434
6  3  7.15294118  0.214077447434
6  4  7.15294118  0.202780291667
6  5  7.15294118  0.195497746432
7  1  7.15294118  0.200041933675
7  2  7.15294118  0.214245484088
8  1  7.15294118  0.214245484088
8  2  7.15294118  0.200041933675
7  3  7.15294118  0.202780291667
7  4  7.15294118  0.214077447434
8  3  7.15294118  0.214077447434
8  4  7.15294118  0.202780291667
7  5  7.15294118  0.170570411022
7  6  7.15294118  0.178879522825
8  5  7.15294118  0.178879522825
8  6  7.15294118  0.170570411022
8  7  7.15294118  0.195497746432
2  1  7.22941176  0.375919208560
3  1  7.22941176  0.138733873054
3  2  7.22941176  0.380582127604
4  1  7.22941176  0.380582127604
4  2  7.22941176  0.138733873054
4  3  7.22941176  0.385576851297
5  1  7.22941176  0.199413661100
5  2  7.22941176  0.213556793415
6  1  7.22941176  0.213556793415
6  2  7.22941176  0.199413661100
5  3  7.22941176  0.202081840993
5  4  7.22941176  0.213423018643
6  3  7.22941176  0.213423018643
6  4  7.22941176  0.202081840993
6  5  7.22941176  0.194743209326
7  1  7.22941176  0.199413661100
7  2  7.22941176  0.213556793415
8  1  7.22941176  0.213556793415
8  2  7.22941176  0.199413661100
7  3  7.22941176  0.202081840993
7  4  7.22941176  0.213423018643
8  3  7.22941176  0.213423018643
8  4  7.22941176  0.202081840993
7  5  7.22941176  0.169970647423
7  6  7.22941176  0.178228168057
8  5  7.22941176  0.178228168057
8  6  7.22941176  0.169970647423
8  7  7.22941176  0.194743209326
2  1  7.30588235  0.375416753094
3  1  7.30588235  0.137262984938
3  2  7.30588235  0.379894434895
4  1  7.30588235  0.379894434895
4  2  7.30588235  0.137262984938
4  3  7.30588235  0.384670241748
5  1  7.30588235  0.198796744017
5  2  7.30588235  0.212883606945
6  1  7.30588235  0.212883606945
6  2  7.30588235  0.198796744017
5  3  7.30588235  0.201395738570
5  4  7.30588235  0.212781098020
6  3  7.30588235  0.212781098020
6  4  7.30588235  0.201395738570
6  5  7.30588235  0.194002159712
7  1  7.30588235  0.198796744017
7  2  7.30588235  0.212883606945
8  1  7.30588235  0.212883606945
8  2  7.30588235  0.198796744017
7  3  7.30588235  0.201395738570
7  4  7.30588235  0.212781098020
8  3  7.30588235  0.212781098020
8  4  7.30588235  0.201395738570
7  5  7.30588235  0.169377345987
7  6  7.30588235  0.177585617229
8  5  7.30588235  0.177585617229
8  6  7.30588235  0.169377345987
8  7  7.30588235  0.194002159712
2  1  7.38235294  0.374923957546
3  1  7.38235294  0.135823241821
3  2  7.38235294  0.379220613087
4  1  7.38235294  0.379220613087
4  2  7.38235294  0.135823241821
4  3  7.38235294  0.383784989025
5  1  7.38235294  0.198191053450
5  2  7.38235294  0.212225635656
6  1  7.38235294  0.212225635656
6  2  7.38235294  0.198191053450
5  3  7.38235294  0.200721914305
5  4  7.38235294  0.212151576767
6  3  7.38235294  0.212151576767
6  4  7.38235294  0.200721914305
6  5  7.38235294  0.193274717479
7  1  7.38235294  0.198191053450
7  2  7.38235294  0.212225635656
8  1  7.38235294  0.212225635656
8  2  7.38235294  0.198191053450
7  3  7.38235294  0.200721914305
7  4  7.38235294  0.212151576767
8  3  7.38235294  0.212151576767
8  4  7.38235294  0.200721914305
7  5  7.38235294  0.168790690980
7  6  7.38235294  0.176952033146
8  5  7.38235294  0.176952033146
8  6  7.38235294  0.168790690980
8  7  7.38235294  0.193274717479
2  1  7.45882353  0.374440123782
3  1  7.45882353  0.134413698523
3  2  7.45882353  0.378560189209
4  1  7.45882353  0.378560189209
4  2  7.45882353  0.134413698523
4  3  7.45882353  0.382920546990
5  1  7.45882353  0.197596483295
5  2  7.45882353  0.211582618735
6  1  7.45882353  0.211582618735
6  2  7.45882353  0.197596483295
5  3  7.45882353  0.200060316224
5  4  7.45882353  0.211534367002
6  3  7.45882353  0.211534367002
6  4  7.45882353  0.200060316224
6  5  7.45882353  0.192561026545
7  1  7.45882353  0.197596483295
7  2  7.45882353  0.211582618735
8  1  7.45882353  0.211582618735
8  2  7.45882353  0.197596483295
7  3  7.45882353  0.200060316224
7  4  7.45882353  0.211534367002
8  3  7.45882353  0.211534367002
8  4  7.45882353  0.200060316224
7  5  7.45882353  0.168210901805
7  6  7.45882353  0.176327610052
8  5  7.45882353  0.176327610052
8  6  7.45882353  0.168210901805
8  7  7.45882353  0.192561026545
2  1  7.53529412  0.373964625814
3  1  7.53529412  0.133033441351
3  2  7.53529412  0.377912718731
4  1  7.53529412  0.377912718731
4  2  7.53529412  0.133033441351
4  3  7.53529412  0.382076378505
5  1  7.53529412  0.197012924365
5  2  7.53529412  0.210954290730
6  1  7.53529412  0.210954290730
6  2  7.53529412  0.197012924365
5  3  7.53529412  0.199410882366
5  4  7.53529412  0.210929369491
6  3  7.53529412  0.210929369491
6  4  7.53529412  0.199410882366
6  5  7.53529412  0.191861209088
7  1  7.53529412  0.197012924365
7  2  7.53529412  0.210954290730
8  1  7.53529412  0.210954290730
8  2  7.53529412  0.197012924365
7  3  7.53529412  0.199410882366
7  4  7.53529412  0.210929369491
8  3  7.53529412  0.210929369491
8  4  7.53529412  0.199410882366
7  5  7.53529412  0.167638190747
7  6  7.53529412  0.175712530194
8  5  7.53529412  0.175712530194
8  6  7.53529412  0.167638190747
8  7  7.53529412  0.191861209088
2  1  7.61176471  0.373496901021
3  1  7.61176471  0.131681587407
3  2  7.61176471  0.377277780985
4  1  7.61176471  0.377277780985
4  2  7.61176471  0.131681587407
4  3  7.61176471  0.381251953534
5  1  7.61176471  0.196440267689
5  2  7.61176471  0.210340386700
6  1  7.61176471  0.210340386700
6  2  7.61176471  0.196440267689
5  3  7.61176471  0.198773545000
5  4  7.61176471  0.210336478710
6  3  7.61176471  0.210336478710
6  4  7.61176471  0.198773545000
6  5  7.61176471  0.191175372092
7  1  7.61176471  0.196440267689
7  2  7.61176471  0.210340386700
8  1  7.61176471  0.210340386700
8  2  7.61176471  0.196440267689
7  3  7.61176471  0.198773545000
7  4  7.61176471  0.210336478710
8  3  7.61176471  0.210336478710
8  4  7.61176471  0.198773545000
7  5  7.61176471  0.167072768467
7  6  7.61176471  0.175106969675
8  5  7.61176471  0.175106969675
8  6  7.61176471  0.167072768467
8  7  7.61176471  0.191175372092
2  1  7.68823529  0.373036444680
3  1  7.68823529  0.130357284008
3  2  7.68823529  0.376654977492
4  1  7.68823529  0.376654977492
4  2  7.68823529  0.130357284008
4  3  7.68823529  0.380446749752
5  1  7.68823529  0.195878402256
5  2  7.68823529  0.209740640116
6  1  7.68823529  0.209740640116
6  2  7.68823529  0.195878402256
5  3  7.68823529  0.198148228679
5  4  7.68823529  0.209755580843
6  3  7.68823529  0.209755580843
6  4  7.68823529  0.198148228679
6  5  7.68823529  0.190503603709
7  1  7.68823529  0.195878402256
7  2  7.68823529  0.209740640116
8  1  7.68823529  0.209740640116
8  2  7.68823529  0.195878402256
7  3  7.68823529  0.198148228679
7  4  7.68823529  0.209755580843
8  3  7.68823529  0.209755580843
8  4  7.68823529  0.198148228679
7  5  7.68823529  0.166514840105
7  6  7.68823529  0.174511094639
8  5  7.68823529  0.174511094639
8  6  7.68823529  0.166514840105
8  7  7.68823529  0.190503603709
2  1  7.76470588  0.372582804846
3  1  7.76470588  0.129059708023
3  2  7.76470588  0.376043930412
4  1  7.76470588  0.376043930412
4  2  7.76470588  0.129059708023
4  3  7.76470588  0.379660253079
5  1  7.76470588  0.195327213036
5  2  7.76470588  0.209154781111
6  1  7.76470588  0.209154781111
6  2  7.76470588  0.195327213036
5  3  7.76470588  0.197534848575
5  4  7.76470588  0.209186552123
6  3  7.76470588  0.209186552123
6  4  7.76470588  0.197534848575
6  5  7.76470588  0.189845969976
7  1  7.76470588  0.195327213036
7  2  7.76470588  0.209154781111
8  1  7.76470588  0.209154781111
8  2  7.76470588  0.195327213036
7  3  7.76470588  0.197534848575
7  4  7.76470588  0.209186552123
8  3  7.76470588  0.209186552123
8  4  7.76470588  0.197534848575
7  5  7.76470588  0.165964601610
7  6  7.76470588  0.173925057732
8  5  7.76470588  0.173925057732
8  6  7.76470588  0.165964601610
8  7  7.76470588  0.189845969976
2  1  7.84117647  0.372135577565
3  1  7.84117647  0.127788065169
3  2  7.84117647  0.375444281092
4  1  7.84117647  0.375444281092
4  2  7.84117647  0.127788065169
4  3  7.84117647  0.378891958151
5  1  7.84117647  0.194786579317
5  2  7.84117647  0.208582535074
6  1  7.84117647  0.208582535074
6  2  7.84117647  0.194786579317
5  3  7.84117647  0.196933309120
5  4  7.84117647  0.208629257556
6  3  7.84117647  0.208629257556
6  4  7.84117647  0.196933309120
6  5  7.84117647  0.189202511984
7  1  7.84117647  0.194786579317
7  2  7.84117647  0.208582535074
8  1  7.84117647  0.208582535074
8  2  7.84117647  0.194786579317
7  3  7.84117647  0.196933309120
7  4  7.84117647  0.208629257556
8  3  7.84117647  0.208629257556
8  4  7.84117647  0.196933309120
7  5  7.84117647  0.165422236396
7  6  7.84117647  0.173348994925
8  5  7.84117647  0.173348994925
8  6  7.84117647  0.165422236396
8  7  7.84117647  0.189202511984
2  1  7.91764706  0.371694402419
3  1  7.91764706  0.126541589243
3  2  7.91764706  0.374855688723
4  1  7.91764706  0.374855688723
4  2  7.91764706  0.126541589243
4  3  7.91764706  0.378141368717
5  1  7.91764706  0.194256373381
5  2  7.91764706  0.208023621637
6  1  7.91764706  0.208023621637
6  2  7.91764706  0.194256373381
5  3  7.91764706  0.196343502988
5  4  7.91764706  0.208083550014
6  3  7.91764706  0.208083550014
6  4  7.91764706  0.196343502988
6  5  7.91764706  0.188573243589
7  1  7.91764706  0.194256373381
7  2  7.91764706  0.208023621637
8  1  7.91764706  0.208023621637
8  2  7.91764706  0.194256373381
7  3  7.91764706  0.196343502988
7  4  7.91764706  0.208083550014
8  3  7.91764706  0.208083550014
8  4  7.91764706  0.196343502988
7  5  7.91764706  0.164887912397
7  6  7.91764706  0.172783022794
8  5  7.91764706  0.172783022794
8  6  7.91764706  0.164887912397
8  7  7.91764706  0.188573243589
2  1  7.99411765  0.371258958389
3  1  7.99411765  0.125319541328
3  2  7.99411765  0.374277829089
4  1  7.99411765  0.374277829089
4  2  7.99411765  0.125319541328
4  3  7.99411765  0.377407997979
5  1  7.99411765  0.193736459515
5  2  7.99411765  0.207477754018
6  1  7.99411765  0.207477754018
6  2  7.99411765  0.193736459515
5  3  7.99411765  0.195765310402
5  4  7.99411765  0.207549269705
6  3  7.99411765  0.207549269705
6  4  7.99411765  0.195765310402
6  5  7.99411765  0.187958149691
7  1  7.99411765  0.193736459515
7  2  7.99411765  0.207477754018
8  1  7.99411765  0.207477754018
8  2  7.99411765  0.193736459515
7  3  7.99411765  0.195765310402
7  4  7.99411765  0.207549269705
8  3  7.99411765  0.207549269705
8  4  7.99411765  0.195765310402
7  5  7.99411765  0.164361779570
7  6  7.99411765  0.172227236277
8  5  7.99411765  0.172227236277
8  6  7.99411765  0.164361779570
8  7  7.99411765  0.187958149691
2  1  8.07058824  0.370828960036
3  1  8.07058824  0.124121208972
3  2  8.07058824  0.373710393415
4  1  8.07058824  0.373710393415
4  2  8.07058824  0.124121208972
4  3  8.07058824  0.376691368884
5  1  8.07058824  0.193226693345
5  2  8.07058824  0.206944638703
6  1  8.07058824  0.206944638703
6  2  8.07058824  0.193226693345
5  3  8.07058824  0.195198598753
5  4  8.07058824  0.207026243988
6  3  8.07058824  0.207026243988
6  4  8.07058824  0.195198598753
6  5  8.07058824  0.187357185101
7  1  8.07058824  0.193226693345
7  2  8.07058824  0.206944638703
8  1  8.07058824  0.206944638703
8  2  8.07058824  0.193226693345
7  3  8.07058824  0.195198598753
7  4  8.07058824  0.207026243988
8  3  8.07058824  0.207026243988
8  4  8.07058824  0.195198598753
7  5  8.07058824  0.163843967873
7  6  8.07058824  0.171681706949
8  5  8.07058824  0.171681706949
8  6  8.07058824  0.163843967873
8  7  8.07058824  0.187357185101
2  1  8.14705882  0.370404153976
3  1  8.14705882  0.122945905345
3  2  8.14705882  0.373153087303
4  1  8.14705882  0.373153087303
4  2  8.14705882  0.122945905345
4  3  8.14705882  0.375991014350
5  1  8.14705882  0.192726921473
5  2  8.14705882  0.206423975451
6  1  8.14705882  0.206423975451
6  2  8.14705882  0.192726921473
5  3  8.14705882  0.194643222516
5  4  8.14705882  0.206514287493
6  3  8.14705882  0.206514287493
6  4  8.14705882  0.194643222516
6  5  8.14705882  0.186770273984
7  1  8.14705882  0.192726921473
7  2  8.14705882  0.206423975451
8  1  8.14705882  0.206423975451
8  2  8.14705882  0.192726921473
7  3  8.14705882  0.194643222516
7  4  8.14705882  0.206514287493
8  3  8.14705882  0.206514287493
8  4  8.14705882  0.194643222516
7  5  8.14705882  0.163334585714
7  6  8.14705882  0.171146481804
8  5  8.14705882  0.171146481804
8  6  8.14705882  0.163334585714
8  7  8.14705882  0.186770273984
2  1  8.22352941  0.369984315638
3  1  8.22352941  0.121792968394
3  2  8.22352941  0.372605629744
4  1  8.22352941  0.372605629744
4  2  8.22352941  0.121792968394
4  3  8.22352941  0.375306477456
5  1  8.22352941  0.192236981397
5  2  8.22352941  0.205915457566
6  1  8.22352941  0.205915457566
6  2  8.22352941  0.192236981397
5  3  8.22352941  0.194099023432
5  4  8.22352941  0.206013202525
6  3  8.22352941  0.206013202525
6  4  8.22352941  0.194099023432
6  5  8.22352941  0.186197309858
7  1  8.22352941  0.192236981397
7  2  8.22352941  0.205915457566
8  1  8.22352941  0.205915457566
8  2  8.22352941  0.192236981397
7  3  8.22352941  0.194099023432
7  4  8.22352941  0.206013202525
8  3  8.22352941  0.206013202525
8  4  8.22352941  0.194099023432
7  5  8.22352941  0.162833718874
7  6  8.22352941  0.170621582535
8  5  8.22352941  0.170621582535
8  6  8.22352941  0.162833718874
8  7  8.22352941  0.186197309858
2  1  8.30000000  0.369569246287
3  1  8.30000000  0.120661759989
3  2  8.30000000  0.372067752214
4  1  8.30000000  0.372067752214
4  2  8.30000000  0.120661759989
4  3  8.30000000  0.374637311586
5  1  8.30000000  0.191756701667
5  2  8.30000000  0.205418772403
6  1  8.30000000  0.205418772403
6  2  8.30000000  0.191756701667
5  3  8.30000000  0.193565830932
5  4  8.30000000  0.205522779709
6  3  8.30000000  0.205522779709
6  4  8.30000000  0.193565830932
6  5  8.30000000  0.185638156096
7  1  8.30000000  0.191756701667
7  2  8.30000000  0.205418772403
8  1  8.30000000  0.205418772403
8  2  8.30000000  0.191756701667
7  3  8.30000000  0.193565830932
7  4  8.30000000  0.205522779709
8  3  8.30000000  0.205522779709
8  4  8.30000000  0.193565830932
7  5  8.30000000  0.162341429880
7  6  8.30000000  0.170107005285
8  5  8.30000000  0.170107005285
8  6  8.30000000  0.162341429880
8  7  8.30000000  0.185638156096
2  1  8.37647059  0.369158770299
3  1  8.37647059  0.119551665070
3  2  8.37647059  0.371539197838
4  1  8.37647059  0.371539197838
4  2  8.37647059  0.119551665070
4  3  8.37647059  0.373983080532
5  1  8.37647059  0.191285902265
5  2  8.37647059  0.204933602081
6  1  8.37647059  0.204933602081
6  2  8.37647059  0.191285902265
5  3  8.37647059  0.193043462756
5  4  8.37647059  0.205042798826
6  3  8.37647059  0.205042798826
6  4  8.37647059  0.193043462756
6  5  8.37647059  0.185092646895
7  1  8.37647059  0.191285902265
7  2  8.37647059  0.204933602081
8  1  8.37647059  0.204933602081
8  2  8.37647059  0.191285902265
7  3  8.37647059  0.193043462756
7  4  8.37647059  0.205042798826
8  3  8.37647059  0.205042798826
8  4  8.37647059  0.193043462756
7  5  8.37647059  0.161857757793
7  6  8.37647059  0.169602720827
8  5  8.37647059  0.169602720827
8  6  8.37647059  0.161857757793
8  7  8.37647059  0.185092646895
2  1  8.45294118  0.368752732669
3  1  8.45294118  0.118462090804
3  2  8.45294118  0.371019720619
4  1  8.45294118  0.371019720619
4  2  8.45294118  0.118462090804
4  3  8.45294118  0.373343358556
5  1  8.45294118  0.190824395150
5  2  8.45294118  0.204459624338
6  1  8.45294118  0.204459624338
6  2  8.45294118  0.190824395150
5  3  8.45294118  0.192531725742
5  4  8.45294118  0.204573029812
6  3  8.45294118  0.204573029812
6  4  8.45294118  0.192531725742
6  5  8.45294118  0.184560588641
7  1  8.45294118  0.190824395150
7  2  8.45294118  0.204459624338
8  1  8.45294118  0.204459624338
8  2  8.45294118  0.190824395150
7  3  8.45294118  0.192531725742
7  4  8.45294118  0.204573029812
8  3  8.45294118  0.204573029812
8  4  8.45294118  0.192531725742
7  5  8.45294118  0.161382718373
7  6  8.45294118  0.169108675129
8  5  8.45294118  0.169108675129
8  6  8.45294118  0.161382718373
8  7  8.45294118  0.184560588641
2  1  8.52941176  0.368350996739
3  1  8.52941176  0.117392465756
3  2  8.52941176  0.370509084723
4  1  8.52941176  0.370509084723
4  2  8.52941176  0.117392465756
4  3  8.52941176  0.372717730426
5  1  8.52941176  0.190371984960
5  2  8.52941176  0.203996513507
6  1  8.52941176  0.203996513507
6  2  8.52941176  0.190371984960
5  3  8.52941176  0.192030416755
5  4  8.52941176  0.204113233876
6  3  8.52941176  0.204113233876
6  4  8.52941176  0.192030416755
6  5  8.52941176  0.184041761605
7  1  8.52941176  0.190371984960
7  2  8.52941176  0.203996513507
8  1  8.52941176  0.203996513507
8  2  8.52941176  0.190371984960
7  3  8.52941176  0.192030416755
7  4  8.52941176  0.204113233876
8  3  8.52941176  0.204113233876
8  4  8.52941176  0.192030416755
7  5  8.52941176  0.160916304586
7  6  8.52941176  0.168624790259
8  5  8.52941176  0.168624790259
8  6  8.52941176  0.160916304586
8  7  8.52941176  0.184041761605
2  1  8.60588235  0.367953442132
3  1  8.60588235  0.116342239069
3  2  8.60588235  0.370007063830
4  1  8.60588235  0.370007063830
4  2  8.60588235  0.116342239069
4  3  8.60588235  0.372105791413
5  1  8.60588235  0.189928469813
5  2  8.60588235  0.203543941567
6  1  8.60588235  0.203543941567
6  2  8.60588235  0.189928469813
5  3  8.60588235  0.191539323707
5  4  8.60588235  0.203663164704
6  3  8.60588235  0.203663164704
6  4  8.60588235  0.191539323707
6  5  8.60588235  0.183535921921
7  1  8.60588235  0.189928469813
7  2  8.60588235  0.203543941567
8  1  8.60588235  0.203543941567
8  2  8.60588235  0.189928469813
7  3  8.60588235  0.191539323707
7  4  8.60588235  0.203663164704
8  3  8.60588235  0.203663164704
8  4  8.60588235  0.191539323707
7  5  8.60588235  0.160458487392
7  6  8.60588235  0.168150965568
8  5  8.60588235  0.168150965568
8  6  8.60588235  0.160458487392
8  7  8.60588235  0.183535921921
2  1  8.68235294  0.367559962874
3  1  8.68235294  0.115310879665
3  2  8.68235294  0.369513440531
4  1  8.68235294  0.369513440531
4  2  8.68235294  0.115310879665
4  3  8.68235294  0.371507147264
5  1  8.68235294  0.189493642188
5  2  8.68235294  0.203101579242
6  1  8.68235294  0.203101579242
6  2  8.68235294  0.189493642188
5  3  8.68235294  0.191058226656
5  4  8.68235294  0.203222569703
6  3  8.68235294  0.203222569703
6  4  8.68235294  0.191058226656
6  5  8.68235294  0.183042803756
7  1  8.68235294  0.189493642188
7  2  8.68235294  0.203101579242
8  1  8.68235294  0.203101579242
8  2  8.68235294  0.189493642188
7  3  8.68235294  0.191058226656
7  4  8.68235294  0.203222569703
8  3  8.68235294  0.203222569703
8  4  8.68235294  0.191058226656
7  5  8.68235294  0.160009216776
7  6  8.68235294  0.167687079103
8  5  8.68235294  0.167687079103
8  6  8.68235294  0.160009216776
8  7  8.68235294  0.183042803756
2  1  8.75882353  0.367170465700
3  1  8.75882353  0.114297875467
3  2  8.75882353  0.369028005769
4  1  8.75882353  0.369028005769
4  2  8.75882353  0.114297875467
4  3  8.75882353  0.370921414145
5  1  8.75882353  0.189067289866
5  2  8.75882353  0.202669097113
6  1  8.75882353  0.202669097113
6  2  8.75882353  0.189067289866
5  3  8.75882353  0.190586898936
5  4  8.75882353  0.202791191282
6  3  8.75882353  0.202791191282
6  4  8.75882353  0.190586898936
6  5  8.75882353  0.182562121644
7  1  8.75882353  0.189067289866
7  2  8.75882353  0.202669097113
8  1  8.75882353  0.202669097113
8  2  8.75882353  0.189067289866
7  3  8.75882353  0.190586898936
7  4  8.75882353  0.202791191282
8  3  8.75882353  0.202791191282
8  4  8.75882353  0.190586898936
7  5  8.75882353  0.159568422973
7  6  8.75882353  0.167232989197
8  5  8.75882353  0.167232989197
8  6  8.75882353  0.159568422973
8  7  8.75882353  0.182562121644
2  1  8.83529412  0.366784868520
3  1  8.83529412  0.113302732637
3  2  8.83529412  0.368550558335
4  1  8.83529412  0.368550558335
4  2  8.83529412  0.113302732637
4  3  8.83529412  0.370348218565
5  1  8.83529412  0.188649196886
5  2  8.83529412  0.202246166718
6  1  8.83529412  0.202246166718
6  2  8.83529412  0.188649196886
5  3  8.83529412  0.190125108318
5  4  8.83529412  0.202368768109
6  3  8.83529412  0.202368768109
6  4  8.83529412  0.190125108318
6  5  8.83529412  0.182093572896
7  1  8.83529412  0.188649196886
7  2  8.83529412  0.202246166718
8  1  8.83529412  0.202246166718
8  2  8.83529412  0.188649196886
7  3  8.83529412  0.190125108318
7  4  8.83529412  0.202368768109
8  3  8.83529412  0.202368768109
8  4  8.83529412  0.190125108318
7  5  8.83529412  0.159136017844
7  6  8.83529412  0.166788536195
8  5  8.83529412  0.166788536195
8  6  8.83529412  0.159136017844
8  7  8.83529412  0.182093572896
2  1  8.91176471  0.366403099032
3  1  8.91176471  0.112324974846
3  2  8.91176471  0.368080904398
4  1  8.91176471  0.368080904398
4  2  8.91176471  0.112324974846
4  3  8.91176471  0.369787197280
5  1  8.91176471  0.188239144512
5  2  8.91176471  0.201832461623
6  1  8.91176471  0.201832461623
6  2  8.91176471  0.188239144512
5  3  8.91176471  0.189672618147
5  4  8.91176471  0.201955036357
6  3  8.91176471  0.201955036357
6  4  8.91176471  0.189672618147
6  5  8.91176471  0.181636840055
7  1  8.91176471  0.188239144512
7  2  8.91176471  0.201832461623
8  1  8.91176471  0.201832461623
8  2  8.91176471  0.188239144512
7  3  8.91176471  0.189672618147
7  4  8.91176471  0.201955036357
8  3  8.91176471  0.201955036357
8  4  8.91176471  0.189672618147
7  5  8.91176471  0.158711896356
7  6  8.91176471  0.166353544256
8  5  8.91176471  0.166353544256
8  6  8.91176471  0.158711896356
8  7  8.91176471  0.181636840055
2  1  8.98823529  0.366025093489
3  1  8.98823529  0.111364142560
3  2  8.98823529  0.367618857073
4  1  8.98823529  0.367618857073
4  2  8.98823529  0.111364142560
4  3  8.98823529  0.369237997173
5  1  8.98823529  0.187836912180
5  2  8.98823529  0.201427658440
6  1  8.98823529  0.201427658440
6  2  8.98823529  0.187836912180
5  3  8.98823529  0.189229188478
5  4  8.98823529  0.201549730896
6  3  8.98823529  0.201549730896
6  4  8.98823529  0.189229188478
6  5  8.98823529  0.181191593343
7  1  8.98823529  0.187836912180
7  2  8.98823529  0.201427658440
8  1  8.98823529  0.201427658440
8  2  8.98823529  0.187836912180
7  3  8.98823529  0.189229188478
7  4  8.98823529  0.201549730896
8  3  8.98823529  0.201549730896
8  4  8.98823529  0.189229188478
7  5  8.98823529  0.158295938134
7  6  8.98823529  0.165927823203
8  5  8.98823529  0.165927823203
8  6  8.98823529  0.158295938134
8  7  8.98823529  0.181191593343
2  1  9.06470588  0.365650795574
3  1  9.06470588  0.110419792357
3  2  9.06470588  0.367164236027
4  1  9.06470588  0.367164236027
4  2  9.06470588  0.110419792357
4  3  9.06470588  0.368700275128
5  1  9.06470588  0.187442278422
5  2  9.06470588  0.201031437793
6  1  9.06470588  0.201031437793
6  2  9.06470588  0.187442278422
5  3  9.06470588  0.188794577153
5  4  9.06470588  0.201152586431
6  3  9.06470588  0.201152586431
6  4  9.06470588  0.188794577153
6  5  9.06470588  0.180757493065
7  1  9.06470588  0.187442278422
7  2  9.06470588  0.201031437793
8  1  9.06470588  0.201031437793
8  2  9.06470588  0.187442278422
7  3  9.06470588  0.188794577153
7  4  9.06470588  0.201152586431
8  3  9.06470588  0.201152586431
8  4  9.06470588  0.188794577153
7  5  9.06470588  0.157888009048
7  6  9.06470588  0.165511170387
8  5  9.06470588  0.165511170387
8  6  9.06470588  0.157888009048
8  7  9.06470588  0.180757493065
2  1  9.14117647  0.365280155410
3  1  9.14117647  0.109491496262
3  2  9.14117647  0.366716867116
4  1  9.14117647  0.366716867116
4  2  9.14117647  0.109491496262
4  3  9.14117647  0.368173697887
5  1  9.14117647  0.187055021746
5  2  9.14117647  0.200643485198
6  1  9.14117647  0.200643485198
6  2  9.14117647  0.187055021746
5  3  9.14117647  0.188368540846
5  4  9.14117647  0.200763338573
6  3  9.14117647  0.200763338573
6  4  9.14117647  0.188368540846
6  5  9.14117647  0.180334191939
7  1  9.14117647  0.187055021746
7  2  9.14117647  0.200643485198
8  1  9.14117647  0.200643485198
8  2  9.14117647  0.187055021746
7  3  9.14117647  0.188368540846
7  4  9.14117647  0.200763338573
8  3  9.14117647  0.200763338573
8  4  9.14117647  0.188368540846
7  5  9.14117647  0.157487962812
7  6  9.14117647  0.165103372521
8  5  9.14117647  0.165103372521
8  6  9.14117647  0.157487962812
8  7  9.14117647  0.180334191939
2  1  9.21764706  0.364913128659
3  1  9.21764706  0.108578841116
3  2  9.21764706  0.366276582049
4  1  9.21764706  0.366276582049
4  2  9.21764706  0.108578841116
4  3  9.21764706  0.367657941892
5  1  9.21764706  0.186674921465
5  2  9.21764706  0.200263491882
6  1  9.21764706  0.200263491882
6  2  9.21764706  0.186674921465
5  3  9.21764706  0.187950836037
5  4  9.21764706  0.200381724832
6  3  9.21764706  0.200381724832
6  4  9.21764706  0.187950836037
6  5  9.21764706  0.179921337315
7  1  9.21764706  0.186674921465
7  2  9.21764706  0.200263491882
8  1  9.21764706  0.200263491882
8  2  9.21764706  0.186674921465
7  3  9.21764706  0.187950836037
7  4  9.21764706  0.200381724832
8  3  9.21764706  0.200381724832
8  4  9.21764706  0.187950836037
7  5  9.21764706  0.157095642559
7  6  9.21764706  0.164704207478
8  5  9.21764706  0.164704207478
8  6  9.21764706  0.157095642559
8  7  9.21764706  0.179921337315
2  1  9.29411765  0.364549675733
3  1  9.29411765  0.107681427966
3  2  9.29411765  0.365843218085
4  1  9.29411765  0.365843218085
4  2  9.29411765  0.107681427966
4  3  9.29411765  0.367152693129
5  1  9.29411765  0.186301758473
5  2  9.29411765  0.199891155509
6  1  9.29411765  0.199891155509
6  2  9.29411765  0.186301758473
5  3  9.29411765  0.187541219930
5  4  9.29411765  0.200007485530
6  3  9.29411765  0.200007485530
6  4  9.29411765  0.187541219930
6  5  9.29411765  0.179518573285
7  1  9.29411765  0.186301758473
7  2  9.29411765  0.199891155509
8  1  9.29411765  0.199891155509
8  2  9.29411765  0.186301758473
7  3  9.29411765  0.187541219930
7  4  9.29411765  0.200007485530
8  3  9.29411765  0.200007485530
8  4  9.29411765  0.187541219930
7  5  9.29411765  0.156710882385
7  6  9.29411765  0.164313446018
8  5  9.29411765  0.164313446018
8  6  9.29411765  0.156710882385
8  7  9.29411765  0.179518573285
2  1  9.37058824  0.364189761083
3  1  9.37058824  0.106798871476
3  2  9.37058824  0.365416617749
4  1  9.37058824  0.365416617749
4  2  9.37058824  0.106798871476
4  3  9.37058824  0.366657646962
5  1  9.37058824  0.185935315952
5  2  9.37058824  0.199526180821
6  1  9.37058824  0.199526180821
6  2  9.37058824  0.185935315952
5  3  9.37058824  0.187139451295
5  4  9.37058824  0.199640364629
6  3  9.37058824  0.199640364629
6  4  9.37058824  0.187139451295
6  5  9.37058824  0.179125542634
7  1  9.37058824  0.185935315952
7  2  9.37058824  0.199526180821
8  1  9.37058824  0.199526180821
8  2  9.37058824  0.185935315952
7  3  9.37058824  0.187139451295
7  4  9.37058824  0.199640364629
8  3  9.37058824  0.199640364629
8  4  9.37058824  0.187139451295
7  5  9.37058824  0.156333508828
7  6  9.37058824  0.163930853430
8  5  9.37058824  0.163930853430
8  6  9.37058824  0.156333508828
8  7  9.37058824  0.179125542634
2  1  9.44705882  0.363833352577
3  1  9.44705882  0.105930799366
3  2  9.44705882  0.364996628606
4  1  9.44705882  0.364996628606
4  2  9.44705882  0.105930799366
4  3  9.44705882  0.366172508011
5  1  9.44705882  0.185575379990
5  2  9.44705882  0.199168280164
6  1  9.44705882  0.199168280164
6  2  9.44705882  0.185575379990
5  3  9.44705882  0.186745291215
5  4  9.44705882  0.199280110443
6  3  9.44705882  0.199280110443
6  4  9.44705882  0.186745291215
6  5  9.44705882  0.178741888611
7  1  9.44705882  0.185575379990
7  2  9.44705882  0.199168280164
8  1  9.44705882  0.199168280164
8  2  9.44705882  0.185575379990
7  3  9.44705882  0.186745291215
7  4  9.44705882  0.199280110443
8  3  9.44705882  0.199280110443
8  4  9.44705882  0.186745291215
7  5  9.44705882  0.155963342246
7  6  9.44705882  0.163556191034
8  5  9.44705882  0.163556191034
8  6  9.44705882  0.155963342246
8  7  9.44705882  0.178741888611
2  1  9.52352941  0.363480421062
3  1  9.52352941  0.105076851858
3  2  9.52352941  0.364583103386
4  1  9.52352941  0.364583103386
4  2  9.52352941  0.105076851858
4  3  9.52352941  0.365696990590
5  1  9.52352941  0.185221739834
5  2  9.52352941  0.198817173529
6  1  9.52352941  0.198817173529
6  2  9.52352941  0.185221739834
5  3  9.52352941  0.186358503516
5  4  9.52352941  0.198926475901
6  3  9.52352941  0.198926475901
6  4  9.52352941  0.186358503516
6  5  9.52352941  0.178367256061
7  1  9.52352941  0.185221739834
7  2  9.52352941  0.198817173529
8  1  9.52352941  0.198817173529
8  2  9.52352941  0.185221739834
7  3  9.52352941  0.186358503516
7  4  9.52352941  0.198926475901
8  3  9.52352941  0.198926475901
8  4  9.52352941  0.186358503516
7  5  9.52352941  0.155600197690
7  6  9.52352941  0.163189217147
8  5  9.52352941  0.163189217147
8  6  9.52352941  0.155600197690
8  7  9.52352941  0.178367256061
2  1  9.60000000  0.363130936683
3  1  9.60000000  0.104236681521
3  2  9.60000000  0.364175892751
4  1  9.60000000  0.364175892751
4  2  9.60000000  0.104236681521
4  3  9.60000000  0.365230807642
5  1  9.60000000  0.184874193369
5  2  9.60000000  0.198472595495
6  1  9.60000000  0.198472595495
6  2  9.60000000  0.184874193369
5  3  9.60000000  0.185978859467
5  4  9.60000000  0.198579225044
6  3  9.60000000  0.198579225044
6  4  9.60000000  0.185978859467
6  5  9.60000000  0.178001301473
7  1  9.60000000  0.184874193369
7  2  9.60000000  0.198472595495
8  1  9.60000000  0.198472595495
8  2  9.60000000  0.184874193369
7  3  9.60000000  0.185978859467
7  4  9.60000000  0.198579225044
8  3  9.60000000  0.198579225044
8  4  9.60000000  0.185978859467
7  5  9.60000000  0.155243893765
7  6  9.60000000  0.162829696335
8  5  9.60000000  0.162829696335
8  6  9.60000000  0.155243893765
8  7  9.60000000  0.178001301473
2  1  9.67647059  0.362784873583
3  1  9.67647059  0.103409951994
3  2  9.67647059  0.363774863019
4  1  9.67647059  0.363774863019
4  2  9.67647059  0.103409951994
4  3  9.67647059  0.364773701444
5  1  9.67647059  0.184532532791
5  2  9.67647059  0.198134276172
6  1  9.67647059  0.198134276172
6  2  9.67647059  0.184532532791
5  3  9.67647059  0.185606126560
5  4  9.67647059  0.198238116092
6  3  9.67647059  0.198238116092
6  4  9.67647059  0.185606126560
6  5  9.67647059  0.177643670512
7  1  9.67647059  0.184532532791
7  2  9.67647059  0.198134276172
8  1  9.67647059  0.198134276172
8  2  9.67647059  0.184532532791
7  3  9.67647059  0.185606126560
7  4  9.67647059  0.198238116092
8  3  9.67647059  0.198238116092
8  4  9.67647059  0.185606126560
7  5  9.67647059  0.154894232505
7  6  9.67647059  0.162477378507
8  5  9.67647059  0.162477378507
8  6  9.67647059  0.154894232505
8  7  9.67647059  0.177643670512
2  1  9.75294118  0.362442220806
3  1  9.75294118  0.102596337011
3  2  9.75294118  0.363379889087
4  1  9.75294118  0.363379889087
4  2  9.75294118  0.102596337011
4  3  9.75294118  0.364325418074
5  1  9.75294118  0.184196559499
5  2  9.75294118  0.197801959686
6  1  9.75294118  0.197801959686
6  2  9.75294118  0.184196559499
5  3  9.75294118  0.185240078997
5  4  9.75294118  0.197902917817
6  3  9.75294118  0.197902917817
6  4  9.75294118  0.185240078997
6  5  9.75294118  0.177294017702
7  1  9.75294118  0.184196559499
7  2  9.75294118  0.197801959686
8  1  9.75294118  0.197801959686
8  2  9.75294118  0.184196559499
7  3  9.75294118  0.185240078997
7  4  9.75294118  0.197902917817
8  3  9.75294118  0.197902917817
8  4  9.75294118  0.185240078997
7  5  9.75294118  0.154551017041
7  6  9.75294118  0.162132017261
8  5  9.75294118  0.162132017261
8  6  9.75294118  0.154551017041
8  7  9.75294118  0.177294017702
2  1  9.82941176  0.362102939734
3  1  9.82941176  0.101795523550
3  2  9.82941176  0.362990822286
4  1  9.82941176  0.362990822286
4  2  9.82941176  0.101795523550
4  3  9.82941176  0.363885685765
5  1  9.82941176  0.183866089080
5  2  9.82941176  0.197475412508
6  1  9.82941176  0.197475412508
6  2  9.82941176  0.183866089080
5  3  9.82941176  0.184880505820
5  4  9.82941176  0.197573418381
6  3  9.82941176  0.197573418381
6  4  9.82941176  0.184880505820
6  5  9.82941176  0.176952026559
7  1  9.82941176  0.183866089080
7  2  9.82941176  0.197475412508
8  1  9.82941176  0.197475412508
8  2  9.82941176  0.183866089080
7  3  9.82941176  0.184880505820
7  4  9.82941176  0.197573418381
8  3  9.82941176  0.197573418381
8  4  9.82941176  0.184880505820
7  5  9.82941176  0.154214069705
7  6  9.82941176  0.161793388656
8  5  9.82941176  0.161793388656
8  6  9.82941176  0.154214069705
8  7  9.82941176  0.176952026559
2  1  9.90588235  0.361767015732
3  1  9.90588235  0.101007206605
3  2  9.90588235  0.362607543262
4  1  9.90588235  0.362607543262
4  2  9.90588235  0.101007206605
4  3  9.90588235  0.363454268749
5  1  9.90588235  0.183540931976
5  2  9.90588235  0.197154395619
6  1  9.90588235  0.197154395619
6  2  9.90588235  0.183540931976
5  3  9.90588235  0.184527191180
5  4  9.90588235  0.197249399170
6  3  9.90588235  0.197249399170
6  4  9.90588235  0.184527191180
6  5  9.90588235  0.176617366092
7  1  9.90588235  0.183540931976
7  2  9.90588235  0.197154395619
8  1  9.90588235  0.197154395619
8  2  9.90588235  0.183540931976
7  3  9.90588235  0.184527191180
7  4  9.90588235  0.197249399170
8  3  9.90588235  0.197249399170
8  4  9.90588235  0.184527191180
7  5  9.90588235  0.153883193088
7  6  9.90588235  0.161461250756
8  5  9.90588235  0.161461250756
8  6  9.90588235  0.153883193088
8  7  9.90588235  0.176617366092
2  1  9.98235294  0.361434428101
3  1  9.98235294  0.100231091542
3  2  9.98235294  0.362229928514
4  1  9.98235294  0.362229928514
4  2  9.98235294  0.100231091542
4  3  9.98235294  0.363030930266
5  1  9.98235294  0.183220907737
5  2  9.98235294  0.196838684138
6  1  9.98235294  0.196838684138
6  2  9.98235294  0.183220907737
5  3  9.98235294  0.184179928226
5  4  9.98235294  0.196930653310
6  3  9.98235294  0.196930653310
6  4  9.98235294  0.184179928226
6  5  9.98235294  0.176289721457
7  1  9.98235294  0.183220907737
7  2  9.98235294  0.196838684138
8  1  9.98235294  0.196838684138
8  2  9.98235294  0.183220907737
7  3  9.98235294  0.184179928226
7  4  9.98235294  0.196930653310
8  3  9.98235294  0.196930653310
8  4  9.98235294  0.184179928226
7  5  9.98235294  0.153558197619
7  6  9.98235294  0.161135372232
8  5  9.98235294  0.161135372232
8  6  9.98235294  0.153558197619
8  7  9.98235294  0.176289721457
2  1  10.05882353  0.361105156356
3  1  10.05882353  0.099466893102
3  2  10.05882353  0.361857857825
4  1  10.05882353  0.361857857825
4  2  10.05882353  0.099466893102
4  3  10.05882353  0.362615441009
5  1  10.05882353  0.182905841681
5  2  10.05882353  0.196528062458
6  1  10.05882353  0.196528062458
6  2  10.05882353  0.182905841681
5  3  10.05882353  0.183838516009
5  4  10.05882353  0.196616981305
6  3  10.05882353  0.196616981305
6  4  10.05882353  0.183838516009
6  5  10.05882353  0.175968787400
7  1  10.05882353  0.182905841681
7  2  10.05882353  0.196528062458
8  1  10.05882353  0.196528062458
8  2  10.05882353  0.182905841681
7  3  10.05882353  0.183838516009
7  4  10.05882353  0.196616981305
8  3  10.05882353  0.196616981305
8  4  10.05882353  0.183838516009
7  5  10.05882353  0.153238895857
7  6  10.05882353  0.160815526371
8  5  10.05882353  0.160815526371
8  6  10.05882353  0.153238895857
8  7  10.05882353  0.175968787400
2  1  10.13529412  0.360779180186
3  1  10.13529412  0.098714335036
3  2  10.13529412  0.361491214192
4  1  10.13529412  0.361491214192
4  2  10.13529412  0.098714335036
4  3  10.13529412  0.362207578930
5  1  10.13529412  0.182595565148
5  2  10.13529412  0.196222324412
6  1  10.13529412  0.196222324412
6  2  10.13529412  0.182595565148
5  3  10.13529412  0.183502759787
5  4  10.13529412  0.196308191317
6  3  10.13529412  0.196308191317
6  4  10.13529412  0.183502759787
6  5  10.13529412  0.175654268825
7  1  10.13529412  0.182595565148
7  2  10.13529412  0.196222324412
8  1  10.13529412  0.196222324412
8  2  10.13529412  0.182595565148
7  3  10.13529412  0.183502759787
7  4  10.13529412  0.196308191317
8  3  10.13529412  0.196308191317
8  4  10.13529412  0.183502759787
7  5  10.13529412  0.152925103197
7  6  10.13529412  0.160501491740
8  5  10.13529412  0.160501491740
8  6  10.13529412  0.152925103197
8  7  10.13529412  0.175654268825
2  1  10.21176471  0.360456479424
3  1  10.21176471  0.097973149740
3  2  10.21176471  0.361129883828
4  1  10.21176471  0.361129883828
4  2  10.21176471  0.097973149740
4  3  10.21176471  0.361807129145
5  1  10.21176471  0.182289915587
5  2  10.21176471  0.195921273188
6  1  10.21176471  0.195921273188
6  2  10.21176471  0.182289915587
5  3  10.21176471  0.183172471164
5  4  10.21176471  0.196004099221
6  3  10.21176471  0.196004099221
6  4  10.21176471  0.183172471164
6  5  10.21176471  0.175345881151
7  1  10.21176471  0.182289915587
7  2  10.21176471  0.195921273188
8  1  10.21176471  0.195921273188
8  2  10.21176471  0.182289915587
7  3  10.21176471  0.183172471164
7  4  10.21176471  0.196004099221
8  3  10.21176471  0.196004099221
8  4  10.21176471  0.183172471164
7  5  10.21176471  0.152616638383
7  6  10.21176471  0.160193052639
8  5  10.21176471  0.160193052639
8  6  10.21176471  0.152616638383
8  7  10.21176471  0.175345881151
2  1  10.28823529  0.360137033953
3  1  10.28823529  0.097243077919
3  2  10.28823529  0.360773756065
4  1  10.28823529  0.360773756065
4  2  10.28823529  0.097243077919
4  3  10.28823529  0.361413883767
5  1  10.28823529  0.181988736602
5  2  10.28823529  0.195624721205
6  1  10.28823529  0.195624721205
6  2  10.28823529  0.181988736602
5  3  10.28823529  0.182847468176
5  4  10.28823529  0.195704528608
6  3  10.28823529  0.195704528608
6  4  10.28823529  0.182847468176
6  5  10.28823529  0.175043350595
7  1  10.28823529  0.181988736602
7  2  10.28823529  0.195624721205
8  1  10.28823529  0.195624721205
8  2  10.28823529  0.181988736602
7  3  10.28823529  0.182847468176
7  4  10.28823529  0.195704528608
8  3  10.28823529  0.195704528608
8  4  10.28823529  0.182847468176
7  5  10.28823529  0.152313323974
7  6  10.28823529  0.159889999514
8  5  10.28823529  0.159889999514
8  6  10.28823529  0.152313323974
8  7  10.28823529  0.175043350595
2  1  10.36470588  0.359820823567
3  1  10.36470588  0.096523868264
3  2  10.36470588  0.360422723233
4  1  10.36470588  0.360422723233
4  2  10.36470588  0.096523868264
4  3  10.36470588  0.361027641699
5  1  10.36470588  0.181691877955
5  2  10.36470588  0.195332489955
6  1  10.36470588  0.195332489955
6  2  10.36470588  0.181691877955
5  3  10.36470588  0.182527575352
5  4  10.36470588  0.195409310748
6  3  10.36470588  0.195409310748
6  4  10.36470588  0.182527575352
6  5  10.36470588  0.174746414381
7  1  10.36470588  0.181691877955
7  2  10.36470588  0.195332489955
8  1  10.36470588  0.195332489955
8  2  10.36470588  0.181691877955
7  3  10.36470588  0.182527575352
7  4  10.36470588  0.195409310748
8  3  10.36470588  0.195409310748
8  4  10.36470588  0.182527575352
7  5  10.36470588  0.152014986755
7  6  10.36470588  0.159592129297
8  5  10.36470588  0.159592129297
8  6  10.36470588  0.152014986755
8  7  10.36470588  0.174746414381
2  1  10.44117647  0.359507827857
3  1  10.44117647  0.095815277141
3  2  10.44117647  0.360076680525
4  1  10.44117647  0.360076680525
4  2  10.44117647  0.095815277141
4  3  10.44117647  0.360648208421
5  1  10.44117647  0.181399195540
5  2  10.44117647  0.195044409813
6  1  10.44117647  0.195044409813
6  2  10.44117647  0.181399195540
5  3  10.44117647  0.182212623718
5  4  10.44117647  0.195118284520
6  3  10.44117647  0.195118284520
6  4  10.44117647  0.182212623718
6  5  10.44117647  0.174454820861
7  1  10.44117647  0.181399195540
7  2  10.44117647  0.195044409813
8  1  10.44117647  0.195044409813
8  2  10.44117647  0.181399195540
7  3  10.44117647  0.182212623718
7  4  10.44117647  0.195118284520
8  3  10.44117647  0.195118284520
8  4  10.44117647  0.182212623718
7  5  10.44117647  0.151721458087
7  6  10.44117647  0.159299245679
8  5  10.44117647  0.159299245679
8  6  10.44117647  0.151721458087
8  7  10.44117647  0.174454820861
2  1  10.51764706  0.359198026104
3  1  10.51764706  0.095117068298
3  2  10.51764706  0.359735525893
4  1  10.51764706  0.359735525893
4  2  10.51764706  0.095117068298
4  3  10.51764706  0.360275395809
5  1  10.51764706  0.181110551305
5  2  10.51764706  0.194760319801
6  1  10.51764706  0.194760319801
6  2  10.51764706  0.181110551305
5  3  10.51764706  0.181902450771
5  4  10.51764706  0.194831296290
6  3  10.51764706  0.194831296290
6  4  10.51764706  0.181902450771
6  5  10.51764706  0.174168329509
7  1  10.51764706  0.181110551305
7  2  10.51764706  0.194760319801
8  1  10.51764706  0.194760319801
8  2  10.51764706  0.181110551305
7  3  10.51764706  0.181902450771
7  4  10.51764706  0.194831296290
8  3  10.51764706  0.194831296290
8  4  10.51764706  0.181902450771
7  5  10.51764706  0.151432574150
7  6  10.51764706  0.159011159270
8  5  10.51764706  0.159011159270
8  6  10.51764706  0.151432574150
8  7  10.51764706  0.174168329509
2  1  10.59411765  0.358891397270
3  1  10.59411765  0.094429012578
3  2  10.59411765  0.359399160117
4  1  10.59411765  0.359399160117
4  2  10.59411765  0.094429012578
4  3  10.59411765  0.359909022225
5  1  10.59411765  0.180825813054
5  2  10.59411765  0.194480067220
6  1  10.59411765  0.194480067220
6  2  10.59411765  0.180825813054
5  3  10.59411765  0.181596900336
5  4  10.59411765  0.194548199663
6  3  10.59411765  0.194548199663
6  4  10.59411765  0.181596900336
6  5  10.59411765  0.173886710656
7  1  10.59411765  0.180825813054
7  2  10.59411765  0.194480067220
8  1  10.59411765  0.194480067220
8  2  10.59411765  0.180825813054
7  3  10.59411765  0.181596900336
7  4  10.59411765  0.194548199663
8  3  10.59411765  0.194548199663
8  4  10.59411765  0.181596900336
7  5  10.59411765  0.151148175955
7  6  10.59411765  0.158727687522
8  5  10.59411765  0.158727687522
8  6  10.59411765  0.151148175955
8  7  10.59411765  0.173886710656
2  1  10.67058824  0.358587920243
3  1  10.67058824  0.093750887638
3  2  10.67058824  0.359067487692
4  1  10.67058824  0.359067487692
4  2  10.67058824  0.093750887638
4  3  10.67058824  0.359548913998
5  1  10.67058824  0.180544853820
5  2  10.67058824  0.194203506799
6  1  10.67058824  0.194203506799
6  2  10.67058824  0.180544853820
5  3  10.67058824  0.181295822149
5  4  10.67058824  0.194268854827
6  3  10.67058824  0.194268854827
6  4  10.67058824  0.181295822149
6  5  10.67058824  0.173609744319
7  1  10.67058824  0.180544853820
7  2  10.67058824  0.194203506799
8  1  10.67058824  0.194203506799
8  2  10.67058824  0.180544853820
7  3  10.67058824  0.181295822149
7  4  10.67058824  0.194268854827
8  3  10.67058824  0.194268854827
8  4  10.67058824  0.181295822149
7  5  10.67058824  0.150868108531
7  6  10.67058824  0.158448653794
8  5  10.67058824  0.158448653794
8  6  10.67058824  0.150868108531
8  7  10.67058824  0.173609744319
2  1  10.74705882  0.358287571902
3  1  10.74705882  0.093082477760
3  2  10.74705882  0.358740411773
4  1  10.74705882  0.358740411773
4  2  10.74705882  0.093082477760
4  3  10.74705882  0.359194897188
5  1  10.74705882  0.180267554030
5  2  10.74705882  0.193930502931
6  1  10.74705882  0.193930502931
6  2  10.74705882  0.180267554030
5  3  10.74705882  0.180999073223
5  4  10.74705882  0.193993130433
6  3  10.74705882  0.193993130433
6  4  10.74705882  0.180999073223
6  5  10.74705882  0.173337225220
7  1  10.74705882  0.180267554030
7  2  10.74705882  0.193930502931
8  1  10.74705882  0.193930502931
8  2  10.74705882  0.180267554030
7  3  10.74705882  0.180999073223
7  4  10.74705882  0.193993130433
8  3  10.74705882  0.193993130433
8  4  10.74705882  0.180999073223
7  5  10.74705882  0.150592225702
7  6  10.74705882  0.158173892208
8  5  10.74705882  0.158173892208
8  6  10.74705882  0.150592225702
8  7  10.74705882  0.173337225220
2  1  10.82352941  0.357990328953
3  1  10.82352941  0.092423573564
3  2  10.82352941  0.358417834662
4  1  10.82352941  0.358417834662
4  2  10.82352941  0.092423573564
4  3  10.82352941  0.358846796661
5  1  10.82352941  0.179993802336
5  2  10.82352941  0.193660930647
6  1  10.82352941  0.193660930647
6  2  10.82352941  0.179993802336
5  3  10.82352941  0.180706518399
5  4  10.82352941  0.193720904491
6  3  10.82352941  0.193720904491
6  4  10.82352941  0.180706518399
6  5  10.82352941  0.173068962950
7  1  10.82352941  0.179993802336
7  2  10.82352941  0.193660930647
8  1  10.82352941  0.193660930647
8  2  10.82352941  0.179993802336
7  3  10.82352941  0.180706518399
7  4  10.82352941  0.193720904491
8  3  10.82352941  0.193720904491
8  4  10.82352941  0.180706518399
7  5  10.82352941  0.150320390611
7  6  10.82352941  0.157903248057
8  5  10.82352941  0.157903248057
8  6  10.82352941  0.150320390611
8  7  10.82352941  0.173068962950
2  1  10.90000000  0.357696169951
3  1  10.90000000  0.091773971624
3  2  10.90000000  0.358099675298
4  1  10.90000000  0.358099675298
4  2  10.90000000  0.091773971624
4  3  10.90000000  0.358504469107
5  1  10.90000000  0.179723484267
5  2  10.90000000  0.193394662532
6  1  10.90000000  0.193394662532
6  2  10.90000000  0.179723484267
5  3  10.90000000  0.180418023023
5  4  10.90000000  0.193452053496
6  3  10.90000000  0.193452053496
6  4  10.90000000  0.180418023023
6  5  10.90000000  0.172804761428
7  1  10.90000000  0.179723484267
7  2  10.90000000  0.193394662532
8  1  10.90000000  0.193394662532
8  2  10.90000000  0.179723484267
7  3  10.90000000  0.180418023023
7  4  10.90000000  0.193452053496
8  3  10.90000000  0.193452053496
8  4  10.90000000  0.180418023023
7  5  10.90000000  0.150052457121
7  6  10.90000000  0.157636558557
8  5  10.90000000  0.157636558557
8  6  10.90000000  0.150052457121
8  7  10.90000000  0.172804761428
2  1  10.97647059  0.357405069192
3  1  10.97647059  0.091133474529
3  2  10.97647059  0.357785841480
4  1  10.97647059  0.357785841480
4  2  10.97647059  0.091133474529
4  3  10.97647059  0.358167753433
5  1  10.97647059  0.179456497393
5  2  10.97647059  0.193131585628
6  1  10.97647059  0.193131585628
6  2  10.97647059  0.179456497393
5  3  10.97647059  0.180133462503
5  4  10.97647059  0.193186466412
6  3  10.97647059  0.193186466412
6  4  10.97647059  0.180133462503
6  5  10.97647059  0.172544448804
7  1  10.97647059  0.179456497393
7  2  10.97647059  0.193131585628
8  1  10.97647059  0.193131585628
8  2  10.97647059  0.179456497393
7  3  10.97647059  0.180133462503
7  4  10.97647059  0.193186466412
8  3  10.97647059  0.193186466412
8  4  10.97647059  0.180133462503
7  5  10.97647059  0.149788297342
7  6  10.97647059  0.157373681163
8  5  10.97647059  0.157373681163
8  6  10.97647059  0.149788297342
8  7  10.97647059  0.172544448804
2  1  11.05294118  0.357117004716
3  1  11.05294118  0.090501890412
3  2  11.05294118  0.357476249616
4  1  11.05294118  0.357476249616
4  2  11.05294118  0.090501890412
4  3  11.05294118  0.357836502292
5  1  11.05294118  0.179192742971
5  2  11.05294118  0.192871592502
6  1  11.05294118  0.192871592502
6  2  11.05294118  0.179192742971
5  3  11.05294118  0.179852717104
5  4  11.05294118  0.192924037531
6  3  11.05294118  0.192924037531
6  4  11.05294118  0.179852717104
6  5  11.05294118  0.172287857598
7  1  11.05294118  0.179192742971
7  2  11.05294118  0.192871592502
8  1  11.05294118  0.192871592502
8  2  11.05294118  0.179192742971
7  3  11.05294118  0.179852717104
7  4  11.05294118  0.192924037531
8  3  11.05294118  0.192924037531
8  4  11.05294118  0.179852717104
7  5  11.05294118  0.149527783982
7  6  11.05294118  0.157114475188
8  5  11.05294118  0.157114475188
8  6  11.05294118  0.149527783982
8  7  11.05294118  0.172287857598
2  1  11.12941176  0.356831952771
3  1  11.12941176  0.089879032889
3  2  11.12941176  0.357170817321
4  1  11.12941176  0.357170817321
4  2  11.12941176  0.089879032889
4  3  11.12941176  0.357510572776
5  1  11.12941176  0.178932127112
5  2  11.12941176  0.192614581928
6  1  11.12941176  0.192614581928
6  2  11.12941176  0.178932127112
5  3  11.12941176  0.179575672592
5  4  11.12941176  0.192664666852
6  3  11.12941176  0.192664666852
6  4  11.12941176  0.179575672592
6  5  11.12941176  0.172034830576
7  1  11.12941176  0.178932127112
7  2  11.12941176  0.192614581928
8  1  11.12941176  0.192614581928
8  2  11.12941176  0.178932127112
7  3  11.12941176  0.179575672592
7  4  11.12941176  0.192664666852
8  3  11.12941176  0.192664666852
8  4  11.12941176  0.179575672592
7  5  11.12941176  0.149270795721
7  6  11.12941176  0.156858807339
8  5  11.12941176  0.156858807339
8  6  11.12941176  0.149270795721
8  7  11.12941176  0.172034830576
2  1  11.20588235  0.356549888579
3  1  11.20588235  0.089264720840
3  2  11.20588235  0.356869463564
4  1  11.20588235  0.356869463564
4  2  11.20588235  0.089264720840
4  3  11.20588235  0.357189825919
5  1  11.20588235  0.178674560900
5  2  11.20588235  0.192360458984
6  1  11.20588235  0.192360458984
6  2  11.20588235  0.178674560900
5  3  11.20588235  0.179302220226
5  4  11.20588235  0.192408260193
6  3  11.20588235  0.192408260193
6  4  11.20588235  0.179302220226
6  5  11.20588235  0.171785220431
7  1  11.20588235  0.178674560900
7  2  11.20588235  0.192360458984
8  1  11.20588235  0.192360458984
8  2  11.20588235  0.178674560900
7  3  11.20588235  0.179302220226
7  4  11.20588235  0.192408260193
8  3  11.20588235  0.192408260193
8  4  11.20588235  0.179302220226
7  5  11.20588235  0.149017217183
7  6  11.20588235  0.156606551599
8  5  11.20588235  0.156606551599
8  6  11.20588235  0.149017217183
8  7  11.20588235  0.171785220431
2  1  11.28235294  0.356270788536
3  1  11.28235294  0.088658777116
3  2  11.28235294  0.356572108349
4  1  11.28235294  0.356572108349
4  2  11.28235294  0.088658777116
4  3  11.28235294  0.356874123830
5  1  11.28235294  0.178419960338
5  2  11.28235294  0.192109134626
6  1  11.28235294  0.192109134626
6  2  11.28235294  0.178419960338
5  3  11.28235294  0.179032255990
5  4  11.28235294  0.192154728688
6  3  11.28235294  0.192154728688
6  4  11.28235294  0.179032255990
6  5  11.28235294  0.171538888835
7  1  11.28235294  0.178419960338
7  2  11.28235294  0.192109134626
8  1  11.28235294  0.192109134626
8  2  11.28235294  0.178419960338
7  3  11.28235294  0.179032255990
7  4  11.28235294  0.192154728688
8  3  11.28235294  0.192154728688
8  4  11.28235294  0.179032255990
7  5  11.28235294  0.148766938329
7  6  11.28235294  0.156357588498
8  5  11.28235294  0.156357588498
8  6  11.28235294  0.148766938329
8  7  11.28235294  0.171538888835
2  1  11.35882353  0.355994623875
3  1  11.35882353  0.088061032719
3  2  11.35882353  0.356278676466
4  1  11.35882353  0.356278676466
4  2  11.35882353  0.088061032719
4  3  11.35882353  0.356563343542
5  1  11.35882353  0.178168245268
5  2  11.35882353  0.191860525810
6  1  11.35882353  0.191860525810
6  2  11.35882353  0.178168245268
5  3  11.35882353  0.178765682505
5  4  11.35882353  0.191903989554
6  3  11.35882353  0.191903989554
6  4  11.35882353  0.178765682505
6  5  11.35882353  0.171295706127
7  1  11.35882353  0.178168245268
7  2  11.35882353  0.191860525810
8  1  11.35882353  0.191860525810
8  2  11.35882353  0.178168245268
7  3  11.35882353  0.178765682505
7  4  11.35882353  0.191903989554
8  3  11.35882353  0.191903989554
8  4  11.35882353  0.178765682505
7  5  11.35882353  0.148519854387
7  6  11.35882353  0.156111804967
8  5  11.35882353  0.156111804967
8  6  11.35882353  0.148519854387
8  7  11.35882353  0.171295706127
2  1  11.43529412  0.355721369293
3  1  11.43529412  0.087471320059
3  2  11.43529412  0.355989090120
4  1  11.43529412  0.355989090120
4  2  11.43529412  0.087471320059
4  3  11.43529412  0.356257353569
5  1  11.43529412  0.177919340014
5  2  11.43529412  0.191614553826
6  1  11.43529412  0.191614553826
6  2  11.43529412  0.177919340014
5  3  11.43529412  0.178502404977
5  4  11.43529412  0.191655963497
6  3  11.43529412  0.191655963497
6  4  11.43529412  0.178502404977
6  5  11.43529412  0.171055550713
7  1  11.43529412  0.177919340014
7  2  11.43529412  0.191614553826
8  1  11.43529412  0.191614553826
8  2  11.43529412  0.177919340014
7  3  11.43529412  0.178502404977
7  4  11.43529412  0.191655963497
8  3  11.43529412  0.191655963497
8  4  11.43529412  0.178502404977
7  5  11.43529412  0.148275865510
7  6  11.43529412  0.155869093911
8  5  11.43529412  0.155869093911
8  6  11.43529412  0.148275865510
8  7  11.43529412  0.171055550713
2  1  11.51176471  0.355450997628
3  1  11.51176471  0.086889477185
3  2  11.51176471  0.355703274296
4  1  11.51176471  0.355703274296
4  2  11.51176471  0.086889477185
4  3  11.51176471  0.355956029992
5  1  11.51176471  0.177673172363
5  2  11.51176471  0.191371144648
6  1  11.51176471  0.191371144648
6  2  11.51176471  0.177673172363
5  3  11.51176471  0.178242333366
5  4  11.51176471  0.191410575778
6  3  11.51176471  0.191410575778
6  4  11.51176471  0.178242333366
6  5  11.51176471  0.170818308154
7  1  11.51176471  0.177673172363
7  2  11.51176471  0.191371144648
8  1  11.51176471  0.191371144648
8  2  11.51176471  0.177673172363
7  3  11.51176471  0.178242333366
7  4  11.51176471  0.191410575778
8  3  11.51176471  0.191410575778
8  4  11.51176471  0.178242333366
7  5  11.51176471  0.148034876161
7  6  11.51176471  0.155629353492
8  5  11.51176471  0.155629353492
8  6  11.51176471  0.148034876161
8  7  11.51176471  0.170818308154
2  1  11.58823529  0.355183482226
3  1  11.58823529  0.086315346537
3  2  11.58823529  0.355421157367
4  1  11.58823529  0.355421157367
4  2  11.58823529  0.086315346537
4  3  11.58823529  0.355659255273
5  1  11.58823529  0.177429674178
5  2  11.58823529  0.191130229411
6  1  11.58823529  0.191130229411
6  2  11.58823529  0.177429674178
5  3  11.58823529  0.177985382483
5  4  11.58823529  0.191167756675
6  3  11.58823529  0.191167756675
6  4  11.58823529  0.177985382483
6  5  11.58823529  0.170583871092
7  1  11.58823529  0.177429674178
7  2  11.58823529  0.191130229411
8  1  11.58823529  0.191130229411
8  2  11.58823529  0.177429674178
7  3  11.58823529  0.177985382483
7  4  11.58823529  0.191167756675
8  3  11.58823529  0.191167756675
8  4  11.58823529  0.177985382483
7  5  11.58823529  0.147796795247
7  6  11.58823529  0.155392487195
8  5  11.58823529  0.155392487195
8  6  11.58823529  0.147796795247
8  7  11.58823529  0.170583871092
2  1  11.66470588  0.354918804161
3  1  11.66470588  0.085748774811
3  2  11.66470588  0.355142675818
4  1  11.66470588  0.355142675818
4  2  11.66470588  0.085748774811
4  3  11.66470588  0.355366920471
5  1  11.66470588  0.177188783078
5  2  11.66470588  0.190891746559
6  1  11.66470588  0.190891746559
6  2  11.66470588  0.177188783078
5  3  11.66470588  0.177731473032
5  4  11.66470588  0.190927443415
6  3  11.66470588  0.190927443415
6  4  11.66470588  0.177731473032
6  5  11.66470588  0.170352138683
7  1  11.66470588  0.177188783078
7  2  11.66470588  0.190891746559
8  1  11.66470588  0.190891746559
8  2  11.66470588  0.177188783078
7  3  11.66470588  0.177731473032
7  4  11.66470588  0.190927443415
8  3  11.66470588  0.190927443415
8  4  11.66470588  0.177731473032
7  5  11.66470588  0.147561535816
7  6  11.66470588  0.155158403438
8  5  11.66470588  0.155158403438
8  6  11.66470588  0.147561535816
8  7  11.66470588  0.170352138683
2  1  11.74117647  0.354656921657
3  1  11.74117647  0.085189612770
3  2  11.74117647  0.354867752113
4  1  11.74117647  0.354867752113
4  2  11.74117647  0.085189612770
4  3  11.74117647  0.355078911567
5  1  11.74117647  0.176950435788
5  2  11.74117647  0.190655632861
6  1  11.74117647  0.190655632861
6  2  11.74117647  0.176950435788
5  3  11.74117647  0.177480527140
5  4  11.74117647  0.190689572030
6  3  11.74117647  0.190689572030
6  4  11.74117647  0.177480527140
6  5  11.74117647  0.170123019900
7  1  11.74117647  0.176950435788
7  2  11.74117647  0.190655632861
8  1  11.74117647  0.190655632861
8  2  11.74117647  0.176950435788
7  3  11.74117647  0.177480527140
7  4  11.74117647  0.190689572030
8  3  11.74117647  0.190689572030
8  4  11.74117647  0.177480527140
7  5  11.74117647  0.147329018052
7  6  11.74117647  0.154927018668
8  5  11.74117647  0.154927018668
8  6  11.74117647  0.147329018052
8  7  11.74117647  0.170123019900
2  1  11.81764706  0.354397814273
3  1  11.81764706  0.084637715130
3  2  11.81764706  0.354596323784
4  1  11.81764706  0.354596323784
4  2  11.81764706  0.084637715130
4  3  11.81764706  0.354795123402
5  1  11.81764706  0.176714576110
5  2  11.81764706  0.190421833981
6  1  11.81764706  0.190421833981
6  2  11.81764706  0.176714576110
5  3  11.81764706  0.177232472399
5  4  11.81764706  0.190454086485
6  3  11.81764706  0.190454086485
6  4  11.81764706  0.177232472399
6  5  11.81764706  0.169896426718
7  1  11.81764706  0.176714576110
7  2  11.81764706  0.190421833981
8  1  11.81764706  0.190421833981
8  2  11.81764706  0.176714576110
7  3  11.81764706  0.177232472399
7  4  11.81764706  0.190454086485
8  3  11.81764706  0.190454086485
8  4  11.81764706  0.177232472399
7  5  11.81764706  0.147099163465
7  6  11.81764706  0.154698251216
8  5  11.81764706  0.154698251216
8  6  11.81764706  0.147099163465
8  7  11.81764706  0.169896426718
2  1  11.89411765  0.354141453976
3  1  11.89411765  0.084092940431
3  2  11.89411765  0.354328325640
4  1  11.89411765  0.354328325640
4  2  11.89411765  0.084092940431
4  3  11.89411765  0.354515453041
5  1  11.89411765  0.176481149778
5  2  11.89411765  0.190190297752
6  1  11.89411765  0.190190297752
6  2  11.89411765  0.176481149778
5  3  11.89411765  0.176987239665
5  4  11.89411765  0.190220933091
6  3  11.89411765  0.190220933091
6  4  11.89411765  0.176987239665
6  5  11.89411765  0.169672278236
7  1  11.89411765  0.176481149778
7  2  11.89411765  0.190190297752
8  1  11.89411765  0.190190297752
8  2  11.89411765  0.176481149778
7  3  11.89411765  0.176987239665
7  4  11.89411765  0.190220933091
8  3  11.89411765  0.190220933091
8  4  11.89411765  0.176987239665
7  5  11.89411765  0.146871898667
7  6  11.89411765  0.154472025190
8  5  11.89411765  0.154472025190
8  6  11.89411765  0.146871898667
8  7  11.89411765  0.169672278236
2  1  11.97058824  0.353887812616
3  1  11.97058824  0.083555150900
3  2  11.97058824  0.354063694063
4  1  11.97058824  0.354063694063
4  2  11.97058824  0.083555150900
4  3  11.97058824  0.354239800885
5  1  11.97058824  0.176250105491
5  2  11.97058824  0.189960975499
6  1  11.97058824  0.189960975499
6  2  11.97058824  0.176250105491
5  3  11.97058824  0.176744763263
5  4  11.97058824  0.189990061542
6  3  11.97058824  0.189990061542
6  4  11.97058824  0.176744763263
6  5  11.97058824  0.169450499130
7  1  11.97058824  0.176250105491
7  2  11.97058824  0.189960975499
8  1  11.97058824  0.189960975499
8  2  11.97058824  0.176250105491
7  3  11.97058824  0.176744763263
7  4  11.97058824  0.189990061542
8  3  11.97058824  0.189990061542
8  4  11.97058824  0.176744763263
7  5  11.97058824  0.146647154133
7  6  11.97058824  0.154248269132
8  5  11.97058824  0.154248269132
8  6  11.97058824  0.146647154133
8  7  11.97058824  0.169450499130
2  1  12.04705882  0.353636861881
3  1  12.04705882  0.083024212334
3  2  12.04705882  0.353802366949
4  1  12.04705882  0.353802366949
4  2  12.04705882  0.083024212334
4  3  12.04705882  0.353968070574
5  1  12.04705882  0.176021394738
5  2  12.04705882  0.189733821799
6  1  12.04705882  0.189733821799
6  2  12.04705882  0.176021394738
5  3  12.04705882  0.176504980811
5  4  12.04705882  0.189761424696
6  3  12.04705882  0.189761424696
6  4  12.04705882  0.176504980811
6  5  12.04705882  0.169231019321
7  1  12.04705882  0.176021394738
7  2  12.04705882  0.189733821799
8  1  12.04705882  0.189733821799
8  2  12.04705882  0.176021394738
7  3  12.04705882  0.176504980811
7  4  12.04705882  0.189761424696
8  3  12.04705882  0.189761424696
8  4  12.04705882  0.176504980811
7  5  12.04705882  0.146424864039
7  6  12.04705882  0.154026915800
8  5  12.04705882  0.154026915800
8  6  12.04705882  0.146424864039
8  7  12.04705882  0.169231019321
2  1  12.12352941  0.353388573318
3  1  12.12352941  0.082499993981
3  2  12.12352941  0.353544283659
4  1  12.12352941  0.353544283659
4  2  12.12352941  0.082499993981
4  3  12.12352941  0.353700168880
5  1  12.12352941  0.175794971637
5  2  12.12352941  0.189508794262
6  1  12.12352941  0.189508794262
6  2  12.12352941  0.175794971637
5  3  12.12352941  0.176267833052
5  4  12.12352941  0.189534978379
6  3  12.12352941  0.189534978379
6  4  12.12352941  0.176267833052
6  5  12.12352941  0.169013773661
7  1  12.12352941  0.175794971637
7  2  12.12352941  0.189508794262
8  1  12.12352941  0.189508794262
8  2  12.12352941  0.175794971637
7  3  12.12352941  0.176267833052
7  4  12.12352941  0.189534978379
8  3  12.12352941  0.189534978379
8  4  12.12352941  0.176267833052
7  5  12.12352941  0.146204966091
7  6  12.12352941  0.153807901948
8  5  12.12352941  0.153807901948
8  6  12.12352941  0.146204966091
8  7  12.12352941  0.169013773661
2  1  12.20000000  0.353142918346
3  1  12.20000000  0.081982368429
3  2  12.20000000  0.353289384978
4  1  12.20000000  0.353289384978
4  2  12.20000000  0.081982368429
4  3  12.20000000  0.353436005590
5  1  12.20000000  0.175570792772
5  2  12.20000000  0.189285853320
6  1  12.20000000  0.189285853320
6  2  12.20000000  0.175570792772
5  3  12.20000000  0.176033263679
5  4  12.20000000  0.189310681182
6  3  12.20000000  0.189310681182
6  4  12.20000000  0.176033263679
6  5  12.20000000  0.168798701609
7  1  12.20000000  0.175570792772
7  2  12.20000000  0.189285853320
8  1  12.20000000  0.189285853320
8  2  12.20000000  0.175570792772
7  3  12.20000000  0.176033263679
7  4  12.20000000  0.189310681182
8  3  12.20000000  0.189310681182
8  4  12.20000000  0.176033263679
7  5  12.20000000  0.145987401356
7  6  12.20000000  0.153591168107
8  5  12.20000000  0.153591168107
8  6  12.20000000  0.145987401356
8  7  12.20000000  0.168798701609
2  1  12.27647059  0.352899868287
3  1  12.27647059  0.081471211495
3  2  12.27647059  0.353037613078
4  1  12.27647059  0.353037613078
4  2  12.27647059  0.081471211495
4  3  12.27647059  0.353175493407
5  1  12.27647059  0.175348817042
5  2  12.27647059  0.189064962024
6  1  12.27647059  0.189064962024
6  2  12.27647059  0.175348817042
5  3  12.27647059  0.175801219177
5  4  12.27647059  0.189088494284
6  3  12.27647059  0.189088494284
6  4  12.27647059  0.175801219177
6  5  12.27647059  0.168585746937
7  1  12.27647059  0.175348817042
7  2  12.27647059  0.189064962024
8  1  12.27647059  0.189064962024
8  2  12.27647059  0.175348817042
7  3  12.27647059  0.175801219177
7  4  12.27647059  0.189088494284
8  3  12.27647059  0.189088494284
8  4  12.27647059  0.175801219177
7  5  12.27647059  0.145772114090
7  6  12.27647059  0.153376658373
8  5  12.27647059  0.153376658373
8  6  12.27647059  0.145772114090
8  7  12.27647059  0.168585746937
2  1  12.35294118  0.352659394386
3  1  12.35294118  0.080966402125
3  2  12.35294118  0.352788911479
4  1  12.35294118  0.352788911479
4  2  12.35294118  0.080966402125
4  3  12.35294118  0.352918547841
5  1  12.35294118  0.175129005514
5  2  12.35294118  0.188846085856
6  1  12.35294118  0.188846085856
6  2  12.35294118  0.175129005514
5  3  12.35294118  0.175571648659
5  4  12.35294118  0.188868381260
6  3  12.35294118  0.188868381260
6  4  12.35294118  0.175571648659
6  5  12.35294118  0.168374857428
7  1  12.35294118  0.175129005514
7  2  12.35294118  0.188846085856
8  1  12.35294118  0.188846085856
8  2  12.35294118  0.175129005514
7  3  12.35294118  0.175571648659
7  4  12.35294118  0.188868381260
8  3  12.35294118  0.188868381260
8  4  12.35294118  0.175571648659
7  5  12.35294118  0.145559051579
7  6  12.35294118  0.153164320195
8  5  12.35294118  0.153164320195
8  6  12.35294118  0.145559051579
8  7  12.35294118  0.168374857428
2  1  12.42941176  0.352421467838
3  1  12.42941176  0.080467822293
3  2  12.42941176  0.352543225013
4  1  12.42941176  0.352543225013
4  2  12.42941176  0.080467822293
4  3  12.42941176  0.352665087109
5  1  12.42941176  0.174911321283
5  2  12.42941176  0.188629192539
6  1  12.42941176  0.188629192539
6  2  12.42941176  0.174911321283
5  3  12.42941176  0.175344503714
5  4  12.42941176  0.188650307921
6  3  12.42941176  0.188650307921
6  4  12.42941176  0.175344503714
6  5  12.42941176  0.168165984605
7  1  12.42941176  0.174911321283
7  2  12.42941176  0.188629192539
8  1  12.42941176  0.188629192539
8  2  12.42941176  0.174911321283
7  3  12.42941176  0.175344503714
7  4  12.42941176  0.188650307921
8  3  12.42941176  0.188650307921
8  4  12.42941176  0.175344503714
7  5  12.42941176  0.145348163968
7  6  12.42941176  0.152954104180
8  5  12.42941176  0.152954104180
8  6  12.42941176  0.145348163968
8  7  12.42941176  0.168165984605
2  1  12.50588235  0.352186059811
3  1  12.50588235  0.079975356904
3  2  12.50588235  0.352300499789
4  1  12.50588235  0.352300499789
4  2  12.50588235  0.079975356904
4  3  12.50588235  0.352415032038
5  1  12.50588235  0.174695729335
5  2  12.50588235  0.188414251870
6  1  12.50588235  0.188414251870
6  2  12.50588235  0.174695729335
5  3  12.50588235  0.175119738262
5  4  12.50588235  0.188434242141
6  3  12.50588235  0.188434242141
6  4  12.50588235  0.175119738262
6  5  12.50588235  0.167959083459
7  1  12.50588235  0.174695729335
7  2  12.50588235  0.188414251870
8  1  12.50588235  0.188414251870
8  2  12.50588235  0.174695729335
7  3  12.50588235  0.175119738262
7  4  12.50588235  0.188434242141
8  3  12.50588235  0.188434242141
8  4  12.50588235  0.175119738262
7  5  12.50588235  0.145139404107
7  6  12.50588235  0.152745963891
8  5  12.50588235  0.152745963891
8  6  12.50588235  0.145139404107
8  7  12.50588235  0.167959083459
2  1  12.58235294  0.351953141469
3  1  12.58235294  0.079488893705
3  2  12.58235294  0.352060683158
4  1  12.58235294  0.352060683158
4  2  12.58235294  0.079488893705
4  3  12.58235294  0.352168305969
5  1  12.58235294  0.174482196419
5  2  12.58235294  0.188201235550
6  1  12.58235294  0.188201235550
6  2  12.58235294  0.174482196419
5  3  12.58235294  0.174897308408
5  4  12.58235294  0.188220153704
6  3  12.58235294  0.188220153704
6  4  12.58235294  0.174897308408
6  5  12.58235294  0.167754112194
7  1  12.58235294  0.174482196419
7  2  12.58235294  0.188201235550
8  1  12.58235294  0.188201235550
8  2  12.58235294  0.174482196419
7  3  12.58235294  0.174897308408
7  4  12.58235294  0.188220153704
8  3  12.58235294  0.188220153704
8  4  12.58235294  0.174897308408
7  5  12.58235294  0.144932727395
7  6  12.58235294  0.152539855661
8  5  12.58235294  0.152539855661
8  6  12.58235294  0.144932727395
8  7  12.58235294  0.167754112194
2  1  12.65882353  0.351722683994
3  1  12.65882353  0.079008323195
3  2  12.65882353  0.351823723682
4  1  12.65882353  0.351823723682
4  2  12.65882353  0.079008323195
4  3  12.65882353  0.351924834665
5  1  12.65882353  0.174270690925
5  2  12.65882353  0.187990117030
6  1  12.65882353  0.187990117030
6  2  12.65882353  0.174270690925
5  3  12.65882353  0.174677172307
5  4  12.65882353  0.188008014155
6  3  12.65882353  0.188008014155
6  4  12.65882353  0.174677172307
6  5  12.65882353  0.167551031988
7  1  12.65882353  0.174270690925
7  2  12.65882353  0.187990117030
8  1  12.65882353  0.187990117030
8  2  12.65882353  0.174270690925
7  3  12.65882353  0.174677172307
7  4  12.65882353  0.188008014155
8  3  12.65882353  0.188008014155
8  4  12.65882353  0.174677172307
7  5  12.65882353  0.144728091633
7  6  12.65882353  0.152335738418
8  5  12.65882353  0.152335738418
8  6  12.65882353  0.144728091633
8  7  12.65882353  0.167551031988
2  1  12.73529412  0.351494658608
3  1  12.73529412  0.078533538539
3  2  12.73529412  0.351589571097
4  1  12.73529412  0.351589571097
4  2  12.73529412  0.078533538539
4  3  12.73529412  0.351684546228
5  1  12.73529412  0.174061182765
5  2  12.73529412  0.187780871363
6  1  12.73529412  0.187780871363
6  2  12.73529412  0.174061182765
5  3  12.73529412  0.174459290037
5  4  12.73529412  0.187797796657
6  3  12.73529412  0.187797796657
6  4  12.73529412  0.174459290037
6  5  12.73529412  0.167349806760
7  1  12.73529412  0.174061182765
7  2  12.73529412  0.187780871363
8  1  12.73529412  0.187780871363
8  2  12.73529412  0.174061182765
7  3  12.73529412  0.174459290037
7  4  12.73529412  0.187797796657
8  3  12.73529412  0.187797796657
8  4  12.73529412  0.174459290037
7  5  12.73529412  0.144525456873
7  6  12.73529412  0.152133573502
8  5  12.73529412  0.152133573502
8  6  12.73529412  0.144525456873
8  7  12.73529412  0.167349806760
2  1  12.81176471  0.351269036590
3  1  12.81176471  0.078064435489
3  2  12.81176471  0.351358176286
4  1  12.81176471  0.351358176286
4  2  12.81176471  0.078064435489
4  3  12.81176471  0.351447371003
5  1  12.81176471  0.173853643263
5  2  12.81176471  0.187573475066
6  1  12.81176471  0.187573475066
6  2  12.81176471  0.173853643263
5  3  12.81176471  0.174243623469
5  4  12.81176471  0.187589475862
6  3  12.81176471  0.187589475862
6  4  12.81176471  0.174243623469
6  5  12.81176471  0.167150402954
7  1  12.81176471  0.173853643263
7  2  12.81176471  0.187573475066
8  1  12.81176471  0.187573475066
8  2  12.81176471  0.173853643263
7  3  12.81176471  0.174243623469
7  4  12.81176471  0.187589475862
8  3  12.81176471  0.187589475862
8  4  12.81176471  0.174243623469
7  5  12.81176471  0.144324785286
7  6  12.81176471  0.151933324508
8  5  12.81176471  0.151933324508
8  6  12.81176471  0.144324785286
8  7  12.81176471  0.167150402954
2  1  12.88823529  0.351045789297
3  1  12.88823529  0.077600912301
3  2  12.88823529  0.351129491246
4  1  12.88823529  0.351129491246
4  2  12.88823529  0.077600912301
4  3  12.88823529  0.351213241508
5  1  12.88823529  0.173648045047
5  2  12.88823529  0.187367905986
6  1  12.88823529  0.187367905986
6  2  12.88823529  0.173648045047
5  3  12.88823529  0.174030136154
5  4  12.88823529  0.187383027780
6  3  12.88823529  0.187383027780
6  4  12.88823529  0.174030136154
6  5  12.88823529  0.166952789333
7  1  12.88823529  0.173648045047
7  2  12.88823529  0.187367905986
8  1  12.88823529  0.187367905986
8  2  12.88823529  0.173648045047
7  3  12.88823529  0.174030136154
7  4  12.88823529  0.187383027780
8  3  12.88823529  0.187383027780
8  4  12.88823529  0.174030136154
7  5  12.88823529  0.144126041020
7  6  12.88823529  0.151734957124
8  5  12.88823529  0.151734957124
8  6  12.88823529  0.144126041020
8  7  12.88823529  0.166952789333
2  1  12.96470588  0.350824888185
3  1  12.96470588  0.077142869664
3  2  12.96470588  0.350903469060
4  1  12.96470588  0.350903469060
4  2  12.96470588  0.077142869664
4  3  12.96470588  0.350982092345
5  1  12.96470588  0.173444361952
5  2  12.96470588  0.187164143180
6  1  12.96470588  0.187164143180
6  2  12.96470588  0.173444361952
5  3  12.96470588  0.173818793208
5  4  12.96470588  0.187178429661
6  3  12.96470588  0.187178429661
6  4  12.96470588  0.173818793208
6  5  12.96470588  0.166756936786
7  1  12.96470588  0.173444361952
7  2  12.96470588  0.187164143180
8  1  12.96470588  0.187164143180
8  2  12.96470588  0.173444361952
7  3  12.96470588  0.173818793208
7  4  12.96470588  0.187178429661
8  3  12.96470588  0.187178429661
8  4  12.96470588  0.173818793208
7  5  12.96470588  0.143929190079
7  6  12.96470588  0.151538438981
8  5  12.96470588  0.151538438981
8  6  12.96470588  0.143929190079
8  7  12.96470588  0.166756936786
2  1  13.04117647  0.350606304819
3  1  13.04117647  0.076690210625
3  2  13.04117647  0.350680063866
4  1  13.04117647  0.350680063866
4  2  13.04117647  0.076690210625
4  3  13.04117647  0.350753860128
5  1  13.04117647  0.173242568928
5  2  13.04117647  0.186962166800
6  1  13.04117647  0.186962166800
6  2  13.04117647  0.173242568928
5  3  13.04117647  0.173609561204
5  4  13.04117647  0.186975659887
6  3  13.04117647  0.186975659887
6  4  13.04117647  0.173609561204
6  5  13.04117647  0.166562818146
7  1  13.04117647  0.173242568928
7  2  13.04117647  0.186962166800
8  1  13.04117647  0.186962166800
8  2  13.04117647  0.173242568928
7  3  13.04117647  0.173609561204
7  4  13.04117647  0.186975659887
8  3  13.04117647  0.186975659887
8  4  13.04117647  0.173609561204
7  5  13.04117647  0.143734200193
7  6  13.04117647  0.151343739511
8  5  13.04117647  0.151343739511
8  6  13.04117647  0.143734200193
8  7  13.04117647  0.166562818146
2  1  13.11764706  0.350390010896
3  1  13.11764706  0.076242840517
3  2  13.11764706  0.350459230828
4  1  13.11764706  0.350459230828
4  2  13.11764706  0.076242840517
4  3  13.11764706  0.350528483407
5  1  13.11764706  0.173042641945
5  2  13.11764706  0.186761957983
6  1  13.11764706  0.186761957983
6  2  13.11764706  0.173042641945
5  3  13.11764706  0.173402408074
5  4  13.11764706  0.186774697864
6  3  13.11764706  0.186774697864
6  4  13.11764706  0.173402408074
6  5  13.11764706  0.166370408016
7  1  13.11764706  0.173042641945
7  2  13.11764706  0.186761957983
8  1  13.11764706  0.186761957983
8  2  13.11764706  0.173042641945
7  3  13.11764706  0.173402408074
7  4  13.11764706  0.186774697864
8  3  13.11764706  0.186774697864
8  4  13.11764706  0.173402408074
7  5  13.11764706  0.143541040706
7  6  13.11764706  0.151150829809
8  5  13.11764706  0.151150829809
8  6  13.11764706  0.143541040706
8  7  13.11764706  0.166370408016
2  1  13.19411765  0.350175978255
3  1  13.19411765  0.075800666894
3  2  13.19411765  0.350240926112
4  1  13.19411765  0.350240926112
4  2  13.19411765  0.075800666894
4  3  13.19411765  0.350305902600
5  1  13.19411765  0.172844557914
5  2  13.19411765  0.186563498753
6  1  13.19411765  0.186563498753
6  2  13.19411765  0.172844557914
5  3  13.19411765  0.173197303011
5  4  13.19411765  0.186575523924
6  3  13.19411765  0.186575523924
6  4  13.19411765  0.173197303011
6  5  13.19411765  0.166179682616
7  1  13.19411765  0.172844557914
7  2  13.19411765  0.186563498753
8  1  13.19411765  0.186563498753
8  2  13.19411765  0.172844557914
7  3  13.19411765  0.173197303011
7  4  13.19411765  0.186575523924
8  3  13.19411765  0.186575523924
8  4  13.19411765  0.173197303011
7  5  13.19411765  0.143349682459
7  6  13.19411765  0.150959682511
8  5  13.19411765  0.150959682511
8  6  13.19411765  0.143349682459
8  7  13.19411765  0.166179682616
2  1  13.27058824  0.349964178894
3  1  13.27058824  0.075363599465
3  2  13.27058824  0.350025106857
4  1  13.27058824  0.350025106857
4  2  13.27058824  0.075363599465
4  3  13.27058824  0.350086059920
5  1  13.27058824  0.172648294609
5  2  13.27058824  0.186366771927
6  1  13.27058824  0.186366771927
6  2  13.27058824  0.172648294609
5  3  13.27058824  0.172994216380
5  4  13.27058824  0.186378119238
6  3  13.27058824  0.186378119238
6  4  13.27058824  0.172994216380
6  5  13.27058824  0.165990619626
7  1  13.27058824  0.172648294609
7  2  13.27058824  0.186366771927
8  1  13.27058824  0.186366771927
8  2  13.27058824  0.172648294609
7  3  13.27058824  0.172994216380
7  4  13.27058824  0.186378119238
8  3  13.27058824  0.186378119238
8  4  13.27058824  0.172994216380
7  5  13.27058824  0.143160097688
7  6  13.27058824  0.150770271668
8  5  13.27058824  0.150770271668
8  6  13.27058824  0.143160097688
8  7  13.27058824  0.165990619626
2  1  13.34705882  0.349754584984
3  1  13.34705882  0.074931550029
3  2  13.34705882  0.349811731149
4  1  13.34705882  0.349811731149
4  2  13.34705882  0.074931550029
4  3  13.34705882  0.349868899313
5  1  13.34705882  0.172453830592
5  2  13.34705882  0.186171761027
6  1  13.34705882  0.186171761027
6  2  13.34705882  0.172453830592
5  3  13.34705882  0.172793119632
5  4  13.34705882  0.186182465723
6  3  13.34705882  0.186182465723
6  4  13.34705882  0.172793119632
6  5  13.34705882  0.165803198053
7  1  13.34705882  0.172453830592
7  2  13.34705882  0.186171761027
8  1  13.34705882  0.186171761027
8  2  13.34705882  0.172453830592
7  3  13.34705882  0.172793119632
7  4  13.34705882  0.186182465723
8  3  13.34705882  0.186182465723
8  4  13.34705882  0.172793119632
7  5  13.34705882  0.142972259921
7  6  13.34705882  0.150582572632
8  5  13.34705882  0.150582572632
8  6  13.34705882  0.142972259921
8  7  13.34705882  0.165803198053
2  1  13.42352941  0.349547168879
3  1  13.42352941  0.074504432416
3  2  13.42352941  0.349600757999
4  1  13.42352941  0.349600757999
4  2  13.42352941  0.074504432416
4  3  13.42352941  0.349654366392
5  1  13.42352941  0.172261145148
5  2  13.42352941  0.185978450205
6  1  13.42352941  0.185978450205
6  2  13.42352941  0.172261145148
5  3  13.42352941  0.172593985226
5  4  13.42352941  0.185988545973
6  3  13.42352941  0.185988545973
6  4  13.42352941  0.172593985226
6  5  13.42352941  0.165617398098
7  1  13.42352941  0.172261145148
7  2  13.42352941  0.185978450205
8  1  13.42352941  0.185978450205
8  2  13.42352941  0.172261145148
7  3  13.42352941  0.172593985226
7  4  13.42352941  0.185988545973
8  3  13.42352941  0.185988545973
8  4  13.42352941  0.172593985226
7  5  13.42352941  0.142786143882
7  6  13.42352941  0.150396561954
8  5  13.42352941  0.150396561954
8  6  13.42352941  0.142786143882
8  7  13.42352941  0.165617398098
2  1  13.50000000  0.349341903127
3  1  13.50000000  0.074082162429
3  2  13.50000000  0.349392147312
4  1  13.50000000  0.349392147312
4  2  13.50000000  0.074082162429
4  3  13.50000000  0.349442408378
5  1  13.50000000  0.172070218217
5  2  13.50000000  0.185786824161
6  1  13.50000000  0.185786824161
6  2  13.50000000  0.172070218217
5  3  13.50000000  0.172396786554
5  4  13.50000000  0.185796343178
6  3  13.50000000  0.185796343178
6  4  13.50000000  0.172396786554
6  5  13.50000000  0.165433201036
7  1  13.50000000  0.172070218217
7  2  13.50000000  0.185786824161
8  1  13.50000000  0.185786824161
8  2  13.50000000  0.172070218217
7  3  13.50000000  0.172396786554
7  4  13.50000000  0.185796343178
8  3  13.50000000  0.185796343178
8  4  13.50000000  0.172396786554
7  5  13.50000000  0.142601725404
7  6  13.50000000  0.150212217281
8  5  13.50000000  0.150212217281
8  6  13.50000000  0.142601725404
8  7  13.50000000  0.165433201036
2  1  13.57647059  0.349138760484
3  1  13.57647059  0.073664657786
3  2  13.57647059  0.349185859871
4  1  13.57647059  0.349185859871
4  2  13.57647059  0.073664657786
4  3  13.57647059  0.349232974039
5  1  13.57647059  0.171881030339
5  2  13.57647059  0.185596868082
6  1  13.57647059  0.185596868082
6  2  13.57647059  0.171881030339
5  3  13.57647059  0.172201497869
5  4  13.57647059  0.185605841059
6  3  13.57647059  0.185605841059
6  4  13.57647059  0.172201497869
6  5  13.57647059  0.165250589107
7  1  13.57647059  0.171881030339
7  2  13.57647059  0.185596868082
8  1  13.57647059  0.185596868082
8  2  13.57647059  0.171881030339
7  3  13.57647059  0.172201497869
7  4  13.57647059  0.185605841059
8  3  13.57647059  0.185605841059
8  4  13.57647059  0.172201497869
7  5  13.57647059  0.142418981339
7  6  13.57647059  0.150029517262
8  5  13.57647059  0.150029517262
8  6  13.57647059  0.142418981339
8  7  13.57647059  0.165250589107
2  1  13.65294118  0.348937713922
3  1  13.65294118  0.073251838066
3  2  13.65294118  0.348981857310
4  1  13.65294118  0.348981857310
4  2  13.65294118  0.073251838066
4  3  13.65294118  0.349026013635
5  1  13.65294118  0.171693562598
5  2  13.65294118  0.185408567579
6  1  13.65294118  0.185408567579
6  2  13.65294118  0.171693562598
5  3  13.65294118  0.172008094224
5  4  13.65294118  0.185417023810
6  3  13.65294118  0.185417023810
6  4  13.65294118  0.172008094224
6  5  13.65294118  0.165069545411
7  1  13.65294118  0.171693562598
7  2  13.65294118  0.185408567579
8  1  13.65294118  0.185408567579
8  2  13.65294118  0.171693562598
7  3  13.65294118  0.172008094224
7  4  13.65294118  0.185417023810
8  3  13.65294118  0.185417023810
8  4  13.65294118  0.172008094224
7  5  13.65294118  0.142237889485
7  6  13.65294118  0.149848441460
8  5  13.65294118  0.149848441460
8  6  13.65294118  0.142237889485
8  7  13.65294118  0.165069545411
2  1  13.72941176  0.348738736638
3  1  13.72941176  0.072843624657
3  2  13.72941176  0.348780102090
4  1  13.72941176  0.348780102090
4  2  13.72941176  0.072843624657
4  3  13.72941176  0.348821478863
5  1  13.72941176  0.171507796571
5  2  13.72941176  0.185221908625
6  1  13.72941176  0.185221908625
6  2  13.72941176  0.171507796571
5  3  13.72941176  0.171816551407
5  4  13.72941176  0.185229876035
6  3  13.72941176  0.185229876035
6  4  13.72941176  0.171816551407
6  5  13.72941176  0.164890053816
7  1  13.72941176  0.171507796571
7  2  13.72941176  0.185221908625
8  1  13.72941176  0.185221908625
8  2  13.72941176  0.171507796571
7  3  13.72941176  0.171816551407
7  4  13.72941176  0.185229876035
8  3  13.72941176  0.185229876035
8  4  13.72941176  0.171816551407
7  5  13.72941176  0.142058428506
7  6  13.72941176  0.149668970276
8  5  13.72941176  0.149668970276
8  6  13.72941176  0.142058428506
8  7  13.72941176  0.164890053816
2  1  13.80588235  0.348541802061
3  1  13.80588235  0.072439940702
3  2  13.80588235  0.348580557483
4  1  13.80588235  0.348580557483
4  2  13.80588235  0.072439940702
4  3  13.80588235  0.348619322807
5  1  13.80588235  0.171323714283
5  2  13.80588235  0.185036877509
6  1  13.80588235  0.185036877509
6  2  13.80588235  0.171323714283
5  3  13.80588235  0.171626845888
5  4  13.80588235  0.185044382700
6  3  13.80588235  0.185044382700
6  4  13.80588235  0.171626845888
6  5  13.80588235  0.164712098869
7  1  13.80588235  0.171323714283
7  2  13.80588235  0.185036877509
8  1  13.80588235  0.185036877509
8  2  13.80588235  0.171323714283
7  3  13.80588235  0.171626845888
7  4  13.80588235  0.185044382700
8  3  13.80588235  0.185044382700
8  4  13.80588235  0.171626845888
7  5  13.80588235  0.141880577864
7  6  13.80588235  0.149491084866
8  5  13.80588235  0.149491084866
8  6  13.80588235  0.141880577864
8  7  13.80588235  0.164712098869
2  1  13.88235294  0.348346883865
3  1  13.88235294  0.072040711055
3  2  13.88235294  0.348383187544
4  1  13.88235294  0.348383187544
4  2  13.88235294  0.072040711055
4  3  13.88235294  0.348419499883
5  1  13.88235294  0.171141298163
5  2  13.88235294  0.184853460785
6  1  13.88235294  0.184853460785
6  2  13.88235294  0.171141298163
5  3  13.88235294  0.171438954762
5  4  13.88235294  0.184860529085
6  3  13.88235294  0.184860529085
6  4  13.88235294  0.171438954762
6  5  13.88235294  0.164535665717
7  1  13.88235294  0.171141298163
7  2  13.88235294  0.184853460785
8  1  13.88235294  0.184853460785
8  2  13.88235294  0.171141298163
7  3  13.88235294  0.171438954762
7  4  13.88235294  0.184860529085
8  3  13.88235294  0.184860529085
8  4  13.88235294  0.171438954762
7  5  13.88235294  0.141704317755
7  6  13.88235294  0.149314767076
8  5  13.88235294  0.149314767076
8  6  13.88235294  0.141704317755
8  7  13.88235294  0.164535665717
2  1  13.95882353  0.348153955968
3  1  13.95882353  0.071645862229
3  2  13.95882353  0.348187957097
4  1  13.95882353  0.348187957097
4  2  13.95882353  0.071645862229
4  3  13.95882353  0.348221965797
5  1  13.95882353  0.170960531004
5  2  13.95882353  0.184671645232
6  1  13.95882353  0.184671645232
6  2  13.95882353  0.170960531004
5  3  13.95882353  0.171252855709
5  4  13.95882353  0.184678300740
6  3  13.95882353  0.184678300740
6  4  13.95882353  0.171252855709
6  5  13.95882353  0.164360740034
7  1  13.95882353  0.170960531004
7  2  13.95882353  0.184671645232
8  1  13.95882353  0.184671645232
8  2  13.95882353  0.170960531004
7  3  13.95882353  0.171252855709
7  4  13.95882353  0.184678300740
8  3  13.95882353  0.184678300740
8  4  13.95882353  0.171252855709
7  5  13.95882353  0.141529629047
7  6  13.95882353  0.149139999376
8  5  13.95882353  0.149139999376
8  6  13.95882353  0.141529629047
8  7  13.95882353  0.164360740034
2  1  14.03529412  0.347962992545
3  1  14.03529412  0.071255322351
3  2  14.03529412  0.347994831712
4  1  14.03529412  0.347994831712
4  2  14.03529412  0.071255322351
4  3  14.03529412  0.348026677494
5  1  14.03529412  0.170781395931
5  2  14.03529412  0.184491417815
6  1  14.03529412  0.184491417815
6  2  14.03529412  0.170781395931
5  3  14.03529412  0.171068526939
5  4  14.03529412  0.184497683447
6  3  14.03529412  0.184497683447
6  4  14.03529412  0.171068526939
6  5  14.03529412  0.164187307957
7  1  14.03529412  0.170781395931
7  2  14.03529412  0.184491417815
8  1  14.03529412  0.184491417815
8  2  14.03529412  0.170781395931
7  3  14.03529412  0.171068526939
7  4  14.03529412  0.184497683447
8  3  14.03529412  0.184497683447
8  4  14.03529412  0.171068526939
7  5  14.03529412  0.141356493222
7  6  14.03529412  0.148966764800
8  5  14.03529412  0.148966764800
8  6  14.03529412  0.141356493222
8  7  14.03529412  0.164187307957
2  1  14.11176471  0.347773968032
3  1  14.11176471  0.070869021120
3  2  14.11176471  0.347803777684
4  1  14.11176471  0.347803777684
4  2  14.11176471  0.070869021120
4  3  14.11176471  0.347833593116
5  1  14.11176471  0.170603876365
5  2  14.11176471  0.184312765649
6  1  14.11176471  0.184312765649
6  2  14.11176471  0.170603876365
5  3  14.11176471  0.170885947158
5  4  14.11176471  0.184318663186
6  3  14.11176471  0.184318663186
6  4  14.11176471  0.170885947158
6  5  14.11176471  0.164015356023
7  1  14.11176471  0.170603876365
7  2  14.11176471  0.184312765649
8  1  14.11176471  0.184312765649
8  2  14.11176471  0.170603876365
7  3  14.11176471  0.170885947158
7  4  14.11176471  0.184318663186
8  3  14.11176471  0.184318663186
8  4  14.11176471  0.170885947158
7  5  14.11176471  0.141184892326
7  6  14.11176471  0.148795046892
8  5  14.11176471  0.148795046892
8  6  14.11176471  0.141184892326
8  7  14.11176471  0.164015356023
2  1  14.18823529  0.347586857129
3  1  14.18823529  0.070486889761
3  2  14.18823529  0.347614762019
4  1  14.18823529  0.347614762019
4  2  14.18823529  0.070486889761
4  3  14.18823529  0.347642671957
5  1  14.18823529  0.170427955993
5  2  14.18823529  0.184135675974
6  1  14.18823529  0.184135675974
6  2  14.18823529  0.170427955993
5  3  14.18823529  0.170705095530
5  4  14.18823529  0.184141226102
6  3  14.18823529  0.184141226102
6  4  14.18823529  0.170705095530
6  5  14.18823529  0.163844871117
7  1  14.18823529  0.170427955993
7  2  14.18823529  0.184135675974
8  1  14.18823529  0.184135675974
8  2  14.18823529  0.170427955993
7  3  14.18823529  0.170705095530
7  4  14.18823529  0.184141226102
8  3  14.18823529  0.184141226102
8  4  14.18823529  0.170705095530
7  5  14.18823529  0.141014808921
7  6  14.18823529  0.148624829653
8  5  14.18823529  0.148624829653
8  6  14.18823529  0.141014808921
8  7  14.18823529  0.163844871117
2  1  14.26470588  0.347401634806
3  1  14.26470588  0.070108860985
3  2  14.26470588  0.347427752412
4  1  14.26470588  0.347427752412
4  2  14.26470588  0.070108860985
4  3  14.26470588  0.347453874426
5  1  14.26470588  0.170253618746
5  2  14.26470588  0.183960136119
6  1  14.26470588  0.183960136119
6  2  14.26470588  0.170253618746
5  3  14.26470588  0.170525951637
5  4  14.26470588  0.183965358480
6  3  14.26470588  0.183965358480
6  4  14.26470588  0.170525951637
6  5  14.26470588  0.163675840420
7  1  14.26470588  0.170253618746
7  2  14.26470588  0.183960136119
8  1  14.26470588  0.183960136119
8  2  14.26470588  0.170253618746
7  3  14.26470588  0.170525951637
7  4  14.26470588  0.183965358480
8  3  14.26470588  0.183965358480
8  4  14.26470588  0.170525951637
7  5  14.26470588  0.140846226038
7  6  14.26470588  0.148456097499
8  5  14.26470588  0.148456097499
8  6  14.26470588  0.140846226038
8  7  14.26470588  0.163675840420
2  1  14.34117647  0.347218276307
3  1  14.34117647  0.069734868948
3  2  14.34117647  0.347242717232
4  1  14.34117647  0.347242717232
4  2  14.34117647  0.069734868948
4  3  14.34117647  0.347267162004
5  1  14.34117647  0.170080848770
5  2  14.34117647  0.183786133489
6  1  14.34117647  0.183786133489
6  2  14.34117647  0.170080848770
5  3  14.34117647  0.170348495453
5  4  14.34117647  0.183791046717
6  3  14.34117647  0.183791046717
6  4  14.34117647  0.170348495453
6  5  14.34117647  0.163508251370
7  1  14.34117647  0.170080848770
7  2  14.34117647  0.183786133489
8  1  14.34117647  0.183786133489
8  2  14.34117647  0.170080848770
7  3  14.34117647  0.170348495453
7  4  14.34117647  0.183791046717
8  3  14.34117647  0.183791046717
8  4  14.34117647  0.170348495453
7  5  14.34117647  0.140679127137
7  6  14.34117647  0.148288835215
8  5  14.34117647  0.148288835215
8  6  14.34117647  0.140679127137
8  7  14.34117647  0.163508251370
2  1  14.41764706  0.347036757155
3  1  14.41764706  0.069364849214
3  2  14.41764706  0.347059625502
4  1  14.41764706  0.347059625502
4  2  14.41764706  0.069364849214
4  3  14.41764706  0.347082497207
5  1  14.41764706  0.169909630407
5  2  14.41764706  0.183613655536
6  1  14.41764706  0.183613655536
6  2  14.41764706  0.169909630407
5  3  14.41764706  0.170172707315
5  4  14.41764706  0.183618277302
6  3  14.41764706  0.183618277302
6  4  14.41764706  0.170172707315
6  5  14.41764706  0.163342091618
7  1  14.41764706  0.169909630407
7  2  14.41764706  0.183613655536
8  1  14.41764706  0.183613655536
8  2  14.41764706  0.169909630407
7  3  14.41764706  0.170172707315
7  4  14.41764706  0.183618277302
8  3  14.41764706  0.183618277302
8  4  14.41764706  0.170172707315
7  5  14.41764706  0.140513496071
7  6  14.41764706  0.148123027920
8  5  14.41764706  0.148123027920
8  6  14.41764706  0.140513496071
8  7  14.41764706  0.163342091618
2  1  14.49411765  0.346857053151
3  1  14.49411765  0.068998738716
3  2  14.49411765  0.346878446887
4  1  14.49411765  0.346878446887
4  2  14.49411765  0.068998738716
4  3  14.49411765  0.346899843551
5  1  14.49411765  0.169739948176
5  2  14.49411765  0.183442689744
6  1  14.49411765  0.183442689744
6  2  14.49411765  0.169739948176
5  3  14.49411765  0.169998567891
5  4  14.49411765  0.183447036800
6  3  14.49411765  0.183447036800
6  4  14.49411765  0.169998567891
6  5  14.49411765  0.163177348993
7  1  14.49411765  0.169739948176
7  2  14.49411765  0.183442689744
8  1  14.49411765  0.183442689744
8  2  14.49411765  0.169739948176
7  3  14.49411765  0.169998567891
7  4  14.49411765  0.183447036800
8  3  14.49411765  0.183447036800
8  4  14.49411765  0.169998567891
7  5  14.49411765  0.140349317047
7  6  14.49411765  0.147958661029
8  5  14.49411765  0.147958661029
8  6  14.49411765  0.140349317047
8  7  14.49411765  0.163177348993
2  1  14.57058824  0.346679140381
3  1  14.57058824  0.068636475719
3  2  14.57058824  0.346699151672
4  1  14.57058824  0.346699151672
4  2  14.57058824  0.068636475719
4  3  14.57058824  0.346719165517
5  1  14.57058824  0.169571786754
5  2  14.57058824  0.183273223618
6  1  14.57058824  0.183273223618
6  2  14.57058824  0.169571786754
5  3  14.57058824  0.169826058163
5  4  14.57058824  0.183277311832
6  3  14.57058824  0.183277311832
6  4  14.57058824  0.169826058163
6  5  14.57058824  0.163014011477
7  1  14.57058824  0.169571786754
7  2  14.57058824  0.183273223618
8  1  14.57058824  0.183273223618
8  2  14.57058824  0.169571786754
7  3  14.57058824  0.169826058163
7  4  14.57058824  0.183277311832
8  3  14.57058824  0.183277311832
8  4  14.57058824  0.169826058163
7  5  14.57058824  0.140186574600
7  6  14.57058824  0.147795720225
8  5  14.57058824  0.147795720225
8  6  14.57058824  0.140186574600
8  7  14.57058824  0.163014011477
2  1  14.64705882  0.346502995215
3  1  14.64705882  0.068277999785
3  2  14.64705882  0.346521710753
4  1  14.64705882  0.346521710753
4  2  14.64705882  0.068277999785
4  3  14.64705882  0.346540428517
5  1  14.64705882  0.169405130966
5  2  14.64705882  0.183105244665
6  1  14.64705882  0.183105244665
6  2  14.64705882  0.169405130966
5  3  14.64705882  0.169655159402
5  4  14.64705882  0.183109089061
6  3  14.64705882  0.183109089061
6  4  14.64705882  0.169655159402
6  5  14.64705882  0.162852067170
7  1  14.64705882  0.169405130966
7  2  14.64705882  0.183105244665
8  1  14.64705882  0.183105244665
8  2  14.64705882  0.169405130966
7  3  14.64705882  0.169655159402
7  4  14.64705882  0.183109089061
8  3  14.64705882  0.183109089061
8  4  14.64705882  0.169655159402
7  5  14.64705882  0.140025253559
7  6  14.64705882  0.147634191429
8  5  14.64705882  0.147634191429
8  6  14.64705882  0.140025253559
8  7  14.64705882  0.162852067170
2  1  14.72352941  0.346328594311
3  1  14.72352941  0.067923251741
3  2  14.72352941  0.346346095614
4  1  14.72352941  0.346346095614
4  2  14.72352941  0.067923251741
4  3  14.72352941  0.346363598859
5  1  14.72352941  0.169239965765
5  2  14.72352941  0.182938740387
6  1  14.72352941  0.182938740387
6  2  14.72352941  0.169239965765
5  3  14.72352941  0.169485853151
5  4  14.72352941  0.182942355184
6  3  14.72352941  0.182942355184
6  4  14.72352941  0.169485853151
6  5  14.72352941  0.162691504271
7  1  14.72352941  0.169239965765
7  2  14.72352941  0.182938740387
8  1  14.72352941  0.182938740387
8  2  14.72352941  0.169239965765
7  3  14.72352941  0.169485853151
7  4  14.72352941  0.182942355184
8  3  14.72352941  0.182942355184
8  4  14.72352941  0.169485853151
7  5  14.72352941  0.139865339026
7  6  14.72352941  0.147474060774
8  5  14.72352941  0.147474060774
8  6  14.72352941  0.139865339026
8  7  14.72352941  0.162691504271
2  1  14.80000000  0.346155914612
3  1  14.80000000  0.067572173643
3  2  14.80000000  0.346172278322
4  1  14.80000000  0.346172278322
4  2  14.80000000  0.067572173643
4  3  14.80000000  0.346188643724
5  1  14.80000000  0.169076276227
5  2  14.80000000  0.182773698271
6  1  14.80000000  0.182773698271
6  2  14.80000000  0.169076276227
5  3  14.80000000  0.169318121205
5  4  14.80000000  0.182777096922
6  3  14.80000000  0.182777096922
6  4  14.80000000  0.169318121205
6  5  14.80000000  0.162532311057
7  1  14.80000000  0.169076276227
7  2  14.80000000  0.182773698271
8  1  14.80000000  0.182773698271
8  2  14.80000000  0.169076276227
7  3  14.80000000  0.169318121205
7  4  14.80000000  0.182777096922
8  3  14.80000000  0.182777096922
8  4  14.80000000  0.169318121205
7  5  14.80000000  0.139706816347
7  6  14.80000000  0.147315314584
8  5  14.80000000  0.147315314584
8  6  14.80000000  0.139706816347
8  7  14.80000000  0.162532311057
2  1  14.87647059  0.345984933353
3  1  14.87647059  0.067224708747
3  2  14.87647059  0.346000231503
4  1  14.87647059  0.346000231503
4  2  14.87647059  0.067224708747
4  3  14.87647059  0.346015531126
5  1  14.87647059  0.168914047537
5  2  14.87647059  0.182610105786
6  1  14.87647059  0.182610105786
6  2  14.87647059  0.168914047537
5  3  14.87647059  0.169151945598
5  4  14.87647059  0.182613301007
6  3  14.87647059  0.182613301007
6  4  14.87647059  0.169151945598
6  5  14.87647059  0.162374475864
7  1  14.87647059  0.168914047537
7  2  14.87647059  0.182610105786
8  1  14.87647059  0.182610105786
8  2  14.87647059  0.168914047537
7  3  14.87647059  0.169151945598
7  4  14.87647059  0.182613301007
8  3  14.87647059  0.182613301007
8  4  14.87647059  0.169151945598
7  5  14.87647059  0.139549671097
7  6  14.87647059  0.147157939353
8  5  14.87647059  0.147157939353
8  6  14.87647059  0.139549671097
8  7  14.87647059  0.162374475864
2  1  14.95294118  0.345815628057
3  1  14.95294118  0.066880801474
3  2  14.95294118  0.345829928334
4  1  14.95294118  0.345829928334
4  2  14.95294118  0.066880801474
4  3  14.95294118  0.345844229895
5  1  14.95294118  0.168753264985
5  2  14.95294118  0.182447950373
6  1  14.95294118  0.182447950373
6  2  14.95294118  0.168753264985
5  3  14.95294118  0.168987308588
5  4  14.95294118  0.182450954185
6  3  14.95294118  0.182450954185
6  4  14.95294118  0.168987308588
6  5  14.95294118  0.162217987072
7  1  14.95294118  0.168753264985
7  2  14.95294118  0.182447950373
8  1  14.95294118  0.182447950373
8  2  14.95294118  0.168753264985
7  3  14.95294118  0.168987308588
7  4  14.95294118  0.182450954185
8  3  14.95294118  0.182450954185
8  4  14.95294118  0.168987308588
7  5  14.95294118  0.139393889055
7  6  14.95294118  0.147001921727
8  5  14.95294118  0.147001921727
8  6  14.95294118  0.139393889055
8  7  14.95294118  0.162217987072
2  1  15.02941176  0.345647976538
3  1  15.02941176  0.066540397384
3  2  15.02941176  0.345661342529
4  1  15.02941176  0.345661342529
4  2  15.02941176  0.066540397384
4  3  15.02941176  0.345674709638
5  1  15.02941176  0.168593913953
5  2  15.02941176  0.182287219445
6  1  15.02941176  0.182287219445
6  2  15.02941176  0.168593913953
5  3  15.02941176  0.168824192645
5  4  15.02941176  0.182290043201
6  3  15.02941176  0.182290043201
6  4  15.02941176  0.168824192645
6  5  15.02941176  0.162062833094
7  1  15.02941176  0.168593913953
7  2  15.02941176  0.182287219445
8  1  15.02941176  0.182287219445
8  2  15.02941176  0.168593913953
7  3  15.02941176  0.168824192645
7  4  15.02941176  0.182290043201
8  3  15.02941176  0.182290043201
8  4  15.02941176  0.168824192645
7  5  15.02941176  0.139239456191
7  6  15.02941176  0.146847248492
8  5  15.02941176  0.146847248492
8  6  15.02941176  0.139239456191
8  7  15.02941176  0.162062833094
2  1  15.10588235  0.345481956898
3  1  15.10588235  0.066203443146
3  2  15.10588235  0.345494448323
4  1  15.10588235  0.345494448323
4  2  15.10588235  0.066203443146
4  3  15.10588235  0.345506940722
5  1  15.10588235  0.168435979915
5  2  15.10588235  0.182127900386
6  1  15.10588235  0.182127900386
6  2  15.10588235  0.168435979915
5  3  15.10588235  0.168662580443
5  4  15.10588235  0.182130554805
6  3  15.10588235  0.182130554805
6  4  15.10588235  0.168662580443
6  5  15.10588235  0.161909002364
7  1  15.10588235  0.168435979915
7  2  15.10588235  0.182127900386
8  1  15.10588235  0.182127900386
8  2  15.10588235  0.168435979915
7  3  15.10588235  0.168662580443
7  4  15.10588235  0.182130554805
8  3  15.10588235  0.182130554805
8  4  15.10588235  0.168662580443
7  5  15.10588235  0.139086358648
7  6  15.10588235  0.146693906554
8  5  15.10588235  0.146693906554
8  6  15.10588235  0.139086358648
8  7  15.10588235  0.161909002364
2  1  15.18235294  0.345317547528
3  1  15.18235294  0.065869886507
3  2  15.18235294  0.345329220463
4  1  15.18235294  0.345329220463
4  2  15.18235294  0.065869886507
4  3  15.18235294  0.345340894245
5  1  15.18235294  0.168279448432
5  2  15.18235294  0.181969980545
6  1  15.18235294  0.181969980545
6  2  15.18235294  0.168279448432
5  3  15.18235294  0.168502454845
5  4  15.18235294  0.181972475746
6  3  15.18235294  0.181972475746
6  4  15.18235294  0.168502454845
6  5  15.18235294  0.161756483329
7  1  15.18235294  0.168279448432
7  2  15.18235294  0.181969980545
8  1  15.18235294  0.181969980545
8  2  15.18235294  0.168279448432
7  3  15.18235294  0.168502454845
7  4  15.18235294  0.181972475746
8  3  15.18235294  0.181972475746
8  4  15.18235294  0.168502454845
7  5  15.18235294  0.138934582732
7  6  15.18235294  0.146541882931
8  5  15.18235294  0.146541882931
8  6  15.18235294  0.138934582732
8  7  15.18235294  0.161756483329
2  1  15.25882353  0.345154727110
3  1  15.25882353  0.065539676267
3  2  15.25882353  0.345165634192
4  1  15.25882353  0.345165634192
4  2  15.25882353  0.065539676267
4  3  15.25882353  0.345176542010
5  1  15.25882353  0.168124305144
5  2  15.25882353  0.181813447244
6  1  15.25882353  0.181813447244
6  2  15.25882353  0.168124305144
5  3  15.25882353  0.168343798901
5  4  15.25882353  0.181815792770
6  3  15.25882353  0.181815792770
6  4  15.25882353  0.168343798901
6  5  15.25882353  0.161605264442
7  1  15.25882353  0.168124305144
7  2  15.25882353  0.181813447244
8  1  15.25882353  0.181813447244
8  2  15.25882353  0.168124305144
7  3  15.25882353  0.168343798901
7  4  15.25882353  0.181815792770
8  3  15.25882353  0.181815792770
8  4  15.25882353  0.168343798901
7  5  15.25882353  0.138784114897
7  6  15.25882353  0.146391164746
8  5  15.25882353  0.146391164746
8  6  15.25882353  0.138784114897
8  7  15.25882353  0.161605264442
2  1  15.33529412  0.344993474611
3  1  15.33529412  0.065212762255
3  2  15.33529412  0.345003665238
4  1  15.33529412  0.345003665238
4  2  15.33529412  0.065212762255
4  3  15.33529412  0.345013856507
5  1  15.33529412  0.167970535771
5  2  15.33529412  0.181658287773
6  1  15.33529412  0.181658287773
6  2  15.33529412  0.167970535771
5  3  15.33529412  0.168186595837
5  4  15.33529412  0.181660492624
6  3  15.33529412  0.181660492624
6  4  15.33529412  0.168186595837
6  5  15.33529412  0.161455334160
7  1  15.33529412  0.167970535771
7  2  15.33529412  0.181658287773
8  1  15.33529412  0.181658287773
8  2  15.33529412  0.167970535771
7  3  15.33529412  0.168186595837
7  4  15.33529412  0.181660492624
8  3  15.33529412  0.181660492624
8  4  15.33529412  0.168186595837
7  5  15.33529412  0.138634941736
7  6  15.33529412  0.146241739211
8  5  15.33529412  0.146241739211
8  6  15.33529412  0.138634941736
8  7  15.33529412  0.161455334160
2  1  15.41176471  0.344833769288
3  1  15.41176471  0.064889095297
3  2  15.41176471  0.344843289807
4  1  15.41176471  0.344843289807
4  2  15.41176471  0.064889095297
4  3  15.41176471  0.344852810884
5  1  15.41176471  0.167818126111
5  2  15.41176471  0.181504489394
6  1  15.41176471  0.181504489394
6  2  15.41176471  0.167818126111
5  3  15.41176471  0.168030829051
5  4  15.41176471  0.181506562055
6  3  15.41176471  0.181506562055
6  4  15.41176471  0.168030829051
6  5  15.41176471  0.161306680935
7  1  15.41176471  0.167818126111
7  2  15.41176471  0.181504489394
8  1  15.41176471  0.181504489394
8  2  15.41176471  0.167818126111
7  3  15.41176471  0.168030829051
7  4  15.41176471  0.181506562055
8  3  15.41176471  0.181506562055
8  4  15.41176471  0.168030829051
7  5  15.41176471  0.138487049971
7  6  15.41176471  0.146093593626
8  5  15.41176471  0.146093593626
8  6  15.41176471  0.138487049971
8  7  15.41176471  0.161306680935
2  1  15.48823529  0.344675604137
3  1  15.48823529  0.064568627166
3  2  15.48823529  0.344684490300
4  1  15.48823529  0.344684490300
4  2  15.48823529  0.064568627166
4  3  15.48823529  0.344693376947
5  1  15.48823529  0.167667068098
5  2  15.48823529  0.181352047590
6  1  15.48823529  0.181352047590
6  2  15.48823529  0.167667068098
5  3  15.48823529  0.167876486025
5  4  15.48823529  0.181353995070
6  3  15.48823529  0.181353995070
6  4  15.48823529  0.167876486025
6  5  15.48823529  0.161159295746
7  1  15.48823529  0.167667068098
7  2  15.48823529  0.181352047590
8  1  15.48823529  0.181352047590
8  2  15.48823529  0.167667068098
7  3  15.48823529  0.167876486025
7  4  15.48823529  0.181353995070
8  3  15.48823529  0.181353995070
8  4  15.48823529  0.167876486025
7  5  15.48823529  0.138340429292
7  6  15.48823529  0.145946718110
8  5  15.48823529  0.145946718110
8  6  15.48823529  0.138340429292
8  7  15.48823529  0.161159295746
2  1  15.56470588  0.344518932337
3  1  15.56470588  0.064251310672
3  2  15.56470588  0.344527232551
4  1  15.56470588  0.344527232551
4  2  15.56470588  0.064251310672
4  3  15.56470588  0.344535533185
5  1  15.56470588  0.167517335611
5  2  15.56470588  0.181200933134
6  1  15.56470588  0.181200933134
6  2  15.56470588  0.167517335611
5  3  15.56470588  0.167723542674
5  4  15.56470588  0.181202763932
6  3  15.56470588  0.181202763932
6  4  15.56470588  0.167723542674
6  5  15.56470588  0.161013161991
7  1  15.56470588  0.167517335611
7  2  15.56470588  0.181200933134
8  1  15.56470588  0.181200933134
8  2  15.56470588  0.167517335611
7  3  15.56470588  0.167723542674
7  4  15.56470588  0.181202763932
8  3  15.56470588  0.181202763932
8  4  15.56470588  0.167723542674
7  5  15.56470588  0.138195060983
7  6  15.56470588  0.145801094653
8  5  15.56470588  0.145801094653
8  6  15.56470588  0.138195060983
8  7  15.56470588  0.161013161991
2  1  15.64117647  0.344363747191
3  1  15.64117647  0.063937099473
3  2  15.64117647  0.344371499673
4  1  15.64117647  0.344371499673
4  2  15.64117647  0.063937099473
4  3  15.64117647  0.344379252520
5  1  15.64117647  0.167368920681
5  2  15.64117647  0.181051141421
6  1  15.64117647  0.181051141421
6  2  15.64117647  0.167368920681
5  3  15.64117647  0.167571986771
5  4  15.64117647  0.181052862625
6  3  15.64117647  0.181052862625
6  4  15.64117647  0.167571986771
6  5  15.64117647  0.160868270621
7  1  15.64117647  0.167368920681
7  2  15.64117647  0.181051141421
8  1  15.64117647  0.181051141421
8  2  15.64117647  0.167368920681
7  3  15.64117647  0.167571986771
7  4  15.64117647  0.181052862625
8  3  15.64117647  0.181052862625
8  4  15.64117647  0.167571986771
7  5  15.64117647  0.138050934941
7  6  15.64117647  0.145656713501
8  5  15.64117647  0.145656713501
8  6  15.64117647  0.138050934941
8  7  15.64117647  0.160868270621
2  1  15.71764706  0.344210029087
3  1  15.71764706  0.063625948156
3  2  15.71764706  0.344217269654
4  1  15.71764706  0.344217269654
4  2  15.71764706  0.063625948156
4  3  15.71764706  0.344224510539
5  1  15.71764706  0.167221809409
5  2  15.71764706  0.180902659638
6  1  15.71764706  0.180902659638
6  2  15.71764706  0.167221809409
5  3  15.71764706  0.167421802356
5  4  15.71764706  0.180904277919
6  3  15.71764706  0.180904277919
6  4  15.71764706  0.167421802356
6  5  15.71764706  0.160724610070
7  1  15.71764706  0.167221809409
7  2  15.71764706  0.180902659638
8  1  15.71764706  0.180902659638
8  2  15.71764706  0.167221809409
7  3  15.71764706  0.167421802356
7  4  15.71764706  0.180904277919
8  3  15.71764706  0.180904277919
8  4  15.71764706  0.167421802356
7  5  15.71764706  0.137908038341
7  6  15.71764706  0.145513562251
8  5  15.71764706  0.145513562251
8  6  15.71764706  0.137908038341
8  7  15.71764706  0.160724610070
2  1  15.79411765  0.344057758689
3  1  15.79411765  0.063317812191
3  2  15.79411765  0.344064520902
4  1  15.79411765  0.344064520902
4  2  15.79411765  0.063317812191
4  3  15.79411765  0.344071283392
5  1  15.79411765  0.167075987974
5  2  15.79411765  0.180755474967
6  1  15.79411765  0.180755474967
6  2  15.79411765  0.167075987974
5  3  15.79411765  0.167272973620
5  4  15.79411765  0.180756996600
6  3  15.79411765  0.180756996600
6  4  15.79411765  0.167272973620
6  5  15.79411765  0.160582168771
7  1  15.79411765  0.167075987974
7  2  15.79411765  0.180755474967
8  1  15.79411765  0.180755474967
8  2  15.79411765  0.167075987974
7  3  15.79411765  0.167272973620
7  4  15.79411765  0.180756996600
8  3  15.79411765  0.180756996600
8  4  15.79411765  0.167272973620
7  5  15.79411765  0.137766358459
7  6  15.79411765  0.145371628563
8  5  15.79411765  0.145371628563
8  6  15.79411765  0.137766358459
8  7  15.79411765  0.160582168771
2  1  15.87058824  0.343906916939
3  1  15.87058824  0.063012647910
3  2  15.87058824  0.343913232236
4  1  15.87058824  0.343913232236
4  2  15.87058824  0.063012647910
4  3  15.87058824  0.343919547773
5  1  15.87058824  0.166931442631
5  2  15.87058824  0.180609574586
6  1  15.87058824  0.180609574586
6  2  15.87058824  0.166931442631
5  3  15.87058824  0.167125484908
5  4  15.87058824  0.180611005474
6  3  15.87058824  0.180611005474
6  4  15.87058824  0.167125484908
6  5  15.87058824  0.160440935154
7  1  15.87058824  0.166931442631
7  2  15.87058824  0.180609574586
8  1  15.87058824  0.180609574586
8  2  15.87058824  0.166931442631
7  3  15.87058824  0.167125484908
7  4  15.87058824  0.180611005474
8  3  15.87058824  0.180611005474
8  4  15.87058824  0.167125484908
7  5  15.87058824  0.137625882669
7  6  15.87058824  0.145230900164
8  5  15.87058824  0.145230900164
8  6  15.87058824  0.137625882669
8  7  15.87058824  0.160440935154
2  1  15.94705882  0.343757485054
3  1  15.94705882  0.062710412488
3  2  15.94705882  0.343763382875
4  1  15.94705882  0.343763382875
4  2  15.94705882  0.062710412488
4  3  15.94705882  0.343769280904
5  1  15.94705882  0.166788159718
5  2  15.94705882  0.180464945678
6  1  15.94705882  0.180464945678
6  2  15.94705882  0.166788159718
5  3  15.94705882  0.166979320712
5  4  15.94705882  0.180466291369
6  3  15.94705882  0.180466291369
6  4  15.94705882  0.166979320712
6  5  15.94705882  0.160300897653
7  1  15.94705882  0.166788159718
7  2  15.94705882  0.180464945678
8  1  15.94705882  0.180464945678
8  2  15.94705882  0.166788159718
7  3  15.94705882  0.166979320712
7  4  15.94705882  0.180466291369
8  3  15.94705882  0.180466291369
8  4  15.94705882  0.166979320712
7  5  15.94705882  0.137486598440
7  6  15.94705882  0.145091364844
8  5  15.94705882  0.145091364844
8  6  15.94705882  0.137486598440
8  7  15.94705882  0.160300897653
2  1  16.02352941  0.343609444522
3  1  16.02352941  0.062411063917
3  2  16.02352941  0.343614952429
4  1  16.02352941  0.343614952429
4  2  16.02352941  0.062411063917
4  3  16.02352941  0.343620460517
5  1  16.02352941  0.166646125652
5  2  16.02352941  0.180321575433
6  1  16.02352941  0.180321575433
6  2  16.02352941  0.166646125652
5  3  16.02352941  0.166834465676
5  4  16.02352941  0.180322841144
6  3  16.02352941  0.180322841144
6  4  16.02352941  0.166834465676
6  5  16.02352941  0.160162044706
7  1  16.02352941  0.166646125652
7  2  16.02352941  0.180321575433
8  1  16.02352941  0.180321575433
8  2  16.02352941  0.166646125652
7  3  16.02352941  0.166834465676
7  4  16.02352941  0.180322841144
8  3  16.02352941  0.180322841144
8  4  16.02352941  0.166834465676
7  5  16.02352941  0.137348493336
7  6  16.02352941  0.144953010459
8  5  16.02352941  0.144953010459
8  6  16.02352941  0.137348493336
8  7  16.02352941  0.160162044706
2  1  16.10000000  0.343462777099
3  1  16.10000000  0.062114560992
3  2  16.10000000  0.343467920890
4  1  16.10000000  0.343467920890
4  2  16.10000000  0.062114560992
4  3  16.10000000  0.343473064840
5  1  16.10000000  0.166505326938
5  2  16.10000000  0.180179451060
6  1  16.10000000  0.180179451060
6  2  16.10000000  0.166505326938
5  3  16.10000000  0.166690904588
5  4  16.10000000  0.180180641688
6  3  16.10000000  0.180180641688
6  4  16.10000000  0.166690904588
6  5  16.10000000  0.160024364761
7  1  16.10000000  0.166505326938
7  2  16.10000000  0.180179451060
8  1  16.10000000  0.180179451060
8  2  16.10000000  0.166505326938
7  3  16.10000000  0.166690904588
7  4  16.10000000  0.180180641688
8  3  16.10000000  0.180180641688
8  4  16.10000000  0.166690904588
7  5  16.10000000  0.137211555012
7  6  16.10000000  0.144815824928
8  5  16.10000000  0.144815824928
8  6  16.10000000  0.137211555012
8  7  16.10000000  0.160024364761
2  1  16.17647059  0.343317464808
3  1  16.17647059  0.061820863289
3  2  16.17647059  0.343322268625
4  1  16.17647059  0.343322268625
4  2  16.17647059  0.061820863289
4  3  16.17647059  0.343327072579
5  1  16.17647059  0.166365750162
5  2  16.17647059  0.180038559783
6  1  16.17647059  0.180038559783
6  2  16.17647059  0.166365750162
5  3  16.17647059  0.166548622387
5  4  16.17647059  0.180039679932
6  3  16.17647059  0.180039679932
6  4  16.17647059  0.166548622387
6  5  16.17647059  0.159887846279
7  1  16.17647059  0.166365750162
7  2  16.17647059  0.180038559783
8  1  16.17647059  0.180038559783
8  2  16.17647059  0.166365750162
7  3  16.17647059  0.166548622387
7  4  16.17647059  0.180039679932
8  3  16.17647059  0.180039679932
8  4  16.17647059  0.166548622387
7  5  16.17647059  0.137075771214
7  6  16.17647059  0.144679796236
8  5  16.17647059  0.144679796236
8  6  16.17647059  0.137075771214
8  7  16.17647059  0.159887846279
2  1  16.25294118  0.343173489939
3  1  16.25294118  0.061529931150
3  2  16.25294118  0.343177976364
4  1  16.25294118  0.343177976364
4  2  16.25294118  0.061529931150
4  3  16.25294118  0.343182462907
5  1  16.25294118  0.166227382002
5  2  16.25294118  0.179898888857
6  1  16.25294118  0.179898888857
6  2  16.25294118  0.166227382002
5  3  16.25294118  0.166407604157
5  4  16.25294118  0.179899942849
6  3  16.25294118  0.179899942849
6  4  16.25294118  0.166407604157
6  5  16.25294118  0.159752477739
7  1  16.25294118  0.166227382002
7  2  16.25294118  0.179898888857
8  1  16.25294118  0.179898888857
8  2  16.25294118  0.166227382002
7  3  16.25294118  0.166407604157
7  4  16.25294118  0.179899942849
8  3  16.25294118  0.179899942849
8  4  16.25294118  0.166407604157
7  5  16.25294118  0.136941129781
7  6  16.25294118  0.144544912434
8  5  16.25294118  0.144544912434
8  6  16.25294118  0.136941129781
8  7  16.25294118  0.159752477739
2  1  16.32941176  0.343030835040
3  1  16.32941176  0.061241725659
3  2  16.32941176  0.343035025193
4  1  16.32941176  0.343035025193
4  2  16.32941176  0.061241725659
4  3  16.32941176  0.343039215449
5  1  16.32941176  0.166090209226
5  2  16.32941176  0.179760425567
6  1  16.32941176  0.179760425567
6  2  16.32941176  0.166090209226
5  3  16.32941176  0.166267835131
5  4  16.32941176  0.179761417458
6  3  16.32941176  0.179761417458
6  4  16.32941176  0.166267835131
6  5  16.32941176  0.159618247641
7  1  16.32941176  0.166090209226
7  2  16.32941176  0.179760425567
8  1  16.32941176  0.179760425567
8  2  16.32941176  0.166090209226
7  3  16.32941176  0.166267835131
7  4  16.32941176  0.179761417458
8  3  16.32941176  0.179761417458
8  4  16.32941176  0.166267835131
7  5  16.32941176  0.136807618640
7  6  16.32941176  0.144411161640
8  5  16.32941176  0.144411161640
8  6  16.32941176  0.136807618640
8  7  16.32941176  0.159618247641
2  1  16.40588235  0.342889482919
3  1  16.40588235  0.060956208628
3  2  16.40588235  0.342893396547
4  1  16.40588235  0.342893396547
4  2  16.40588235  0.060956208628
4  3  16.40588235  0.342897310265
5  1  16.40588235  0.165954218694
5  2  16.40588235  0.179623157236
6  1  16.40588235  0.179623157236
6  2  16.40588235  0.165954218694
5  3  16.40588235  0.166129300688
5  4  16.40588235  0.179624090834
6  3  16.40588235  0.179624090834
6  4  16.40588235  0.166129300688
6  5  16.40588235  0.159485144511
7  1  16.40588235  0.165954218694
7  2  16.40588235  0.179623157236
8  1  16.40588235  0.179623157236
8  2  16.40588235  0.165954218694
7  3  16.40588235  0.166129300688
7  4  16.40588235  0.179624090834
8  3  16.40588235  0.179624090834
8  4  16.40588235  0.166129300688
7  5  16.40588235  0.136675225810
7  6  16.40588235  0.144278532044
8  5  16.40588235  0.144278532044
8  6  16.40588235  0.136675225810
8  7  16.40588235  0.159485144511
2  1  16.48235294  0.342749416639
3  1  16.48235294  0.060673342584
3  2  16.48235294  0.342753072202
4  1  16.48235294  0.342753072202
4  2  16.48235294  0.060673342584
4  3  16.48235294  0.342756727843
5  1  16.48235294  0.165819397362
5  2  16.48235294  0.179487071234
6  1  16.48235294  0.179487071234
6  2  16.48235294  0.165819397362
5  3  16.48235294  0.165991986356
5  4  16.48235294  0.179487950110
6  3  16.48235294  0.179487950110
6  4  16.48235294  0.165991986356
6  5  16.48235294  0.159353156906
7  1  16.48235294  0.165819397362
7  2  16.48235294  0.179487071234
8  1  16.48235294  0.179487071234
8  2  16.48235294  0.165819397362
7  3  16.48235294  0.165991986356
7  4  16.48235294  0.179487950110
8  3  16.48235294  0.179487950110
8  4  16.48235294  0.165991986356
7  5  16.48235294  0.136543939402
7  6  16.48235294  0.144147011903
8  5  16.48235294  0.144147011903
8  6  16.48235294  0.136543939402
8  7  16.48235294  0.159353156906
2  1  16.55882353  0.342610619516
3  1  16.55882353  0.060393090743
3  2  16.55882353  0.342614034265
4  1  16.55882353  0.342614034265
4  2  16.55882353  0.060393090743
4  3  16.55882353  0.342617449082
5  1  16.55882353  0.165685732287
5  2  16.55882353  0.179352154975
6  1  16.55882353  0.179352154975
6  2  16.55882353  0.165685732287
5  3  16.55882353  0.165855877811
5  4  16.55882353  0.179352982482
6  3  16.55882353  0.179352982482
6  4  16.55882353  0.165855877811
6  5  16.55882353  0.159222273419
7  1  16.55882353  0.165685732287
7  2  16.55882353  0.179352154975
8  1  16.55882353  0.179352154975
8  2  16.55882353  0.165685732287
7  3  16.55882353  0.165855877811
7  4  16.55882353  0.179352982482
8  3  16.55882353  0.179352982482
8  4  16.55882353  0.165855877811
7  5  16.55882353  0.136413747616
7  6  16.55882353  0.144016589551
8  5  16.55882353  0.144016589551
8  6  16.55882353  0.136413747616
8  7  16.55882353  0.159222273419
2  1  16.63529412  0.342473075118
3  1  16.63529412  0.060115417004
3  2  16.63529412  0.342476265169
4  1  16.63529412  0.342476265169
4  2  16.63529412  0.060115417004
4  3  16.63529412  0.342479455280
5  1  16.63529412  0.165553210621
5  2  16.63529412  0.179218395933
6  1  16.63529412  0.179218395933
6  2  16.63529412  0.165553210621
5  3  16.63529412  0.165720960875
5  4  16.63529412  0.179219175212
6  3  16.63529412  0.179219175212
6  4  16.63529412  0.165720960875
6  5  16.63529412  0.159092482683
7  1  16.63529412  0.165553210621
7  2  16.63529412  0.179218395933
8  1  16.63529412  0.179218395933
8  2  16.63529412  0.165553210621
7  3  16.63529412  0.165720960875
7  4  16.63529412  0.179219175212
8  3  16.63529412  0.179219175212
8  4  16.63529412  0.165720960875
7  5  16.63529412  0.136284638748
7  6  16.63529412  0.143887253393
8  5  16.63529412  0.143887253393
8  6  16.63529412  0.136284638748
8  7  16.63529412  0.159092482683
2  1  16.71176471  0.342336767256
3  1  16.71176471  0.059840285925
3  2  16.71176471  0.342339747665
4  1  16.71176471  0.342339747665
4  2  16.71176471  0.059840285925
4  3  16.71176471  0.342342728125
5  1  16.71176471  0.165421819624
5  2  16.71176471  0.179085781637
6  1  16.71176471  0.179085781637
6  2  16.71176471  0.165421819624
5  3  16.71176471  0.165587221522
5  4  16.71176471  0.179086515636
6  3  16.71176471  0.179086515636
6  4  16.71176471  0.165587221522
6  5  16.71176471  0.158963773375
7  1  16.71176471  0.165421819624
7  2  16.71176471  0.179085781637
8  1  16.71176471  0.179085781637
8  2  16.71176471  0.165421819624
7  3  16.71176471  0.165587221522
7  4  16.71176471  0.179086515636
8  3  16.71176471  0.179086515636
8  4  16.71176471  0.165587221522
7  5  16.71176471  0.136156601185
7  6  16.71176471  0.143758991915
8  5  16.71176471  0.143758991915
8  6  16.71176471  0.136156601185
8  7  16.71176471  0.158963773375
2  1  16.78823529  0.342201679988
3  1  16.78823529  0.059567662714
3  2  16.78823529  0.342204464812
4  1  16.78823529  0.342204464812
4  2  16.78823529  0.059567662714
4  3  16.78823529  0.342207249681
5  1  16.78823529  0.165291546659
5  2  16.78823529  0.178954299685
6  1  16.78823529  0.178954299685
6  2  16.78823529  0.165291546659
5  3  16.78823529  0.165454645873
5  4  16.78823529  0.178954991167
6  3  16.78823529  0.178954991167
6  4  16.78823529  0.165454645873
6  5  16.78823529  0.158836134220
7  1  16.78823529  0.165291546659
7  2  16.78823529  0.178954299685
8  1  16.78823529  0.178954299685
8  2  16.78823529  0.165291546659
7  3  16.78823529  0.165454645873
7  4  16.78823529  0.178954991167
8  3  16.78823529  0.178954991167
8  4  16.78823529  0.165454645873
7  5  16.78823529  0.136029623408
7  6  16.78823529  0.143631793679
8  5  16.78823529  0.143631793679
8  6  16.78823529  0.136029623408
8  7  16.78823529  0.158836134220
2  1  16.86470588  0.342067797611
3  1  16.86470588  0.059297513210
3  2  16.86470588  0.342070399976
4  1  16.86470588  0.342070399976
4  2  16.86470588  0.059297513210
4  3  16.86470588  0.342073002380
5  1  16.86470588  0.165162379195
5  2  16.86470588  0.178823937743
6  1  16.86470588  0.178823937743
6  2  16.86470588  0.165162379195
5  3  16.86470588  0.165323220201
5  4  16.86470588  0.178824589297
6  3  16.86470588  0.178824589297
6  4  16.86470588  0.165323220201
6  5  16.86470588  0.158709554000
7  1  16.86470588  0.165162379195
7  2  16.86470588  0.178823937743
8  1  16.86470588  0.178823937743
8  2  16.86470588  0.165162379195
7  3  16.86470588  0.165323220201
7  4  16.86470588  0.178824589297
8  3  16.86470588  0.178824589297
8  4  16.86470588  0.165323220201
7  5  16.86470588  0.135903693995
7  6  16.86470588  0.143505647330
8  5  16.86470588  0.143505647330
8  6  16.86470588  0.135903693995
8  7  16.86470588  0.158709554000
2  1  16.94117647  0.341935104660
3  1  16.94117647  0.059029803873
3  2  16.94117647  0.341937536818
4  1  16.94117647  0.341937536818
4  2  16.94117647  0.059029803873
4  3  16.94117647  0.341939969009
5  1  16.94117647  0.165034304814
5  2  16.94117647  0.178694683552
6  1  16.94117647  0.178694683552
6  2  16.94117647  0.165034304814
5  3  16.94117647  0.165192930926
5  4  16.94117647  0.178695297606
6  3  16.94117647  0.178695297606
6  4  16.94117647  0.165192930926
6  5  16.94117647  0.158584021551
7  1  16.94117647  0.165034304814
7  2  16.94117647  0.178694683552
8  1  16.94117647  0.178694683552
8  2  16.94117647  0.165034304814
7  3  16.94117647  0.165192930926
7  4  16.94117647  0.178695297606
8  3  16.94117647  0.178695297606
8  4  16.94117647  0.165192930926
7  5  16.94117647  0.135778801620
7  6  16.94117647  0.143380541597
8  5  16.94117647  0.143380541597
8  6  16.94117647  0.135778801620
8  7  16.94117647  0.158584021551
2  1  17.01764706  0.341803585907
3  1  17.01764706  0.058764501765
3  2  17.01764706  0.341805859289
4  1  17.01764706  0.341805859289
4  2  17.01764706  0.058764501765
4  3  17.01764706  0.341808132701
5  1  17.01764706  0.164907311205
5  2  17.01764706  0.178566524932
6  1  17.01764706  0.178566524932
6  2  17.01764706  0.164907311205
5  3  17.01764706  0.165063764622
5  4  17.01764706  0.178567103759
6  3  17.01764706  0.178567103759
6  4  17.01764706  0.165063764622
6  5  17.01764706  0.158459525773
7  1  17.01764706  0.164907311205
7  2  17.01764706  0.178566524932
8  1  17.01764706  0.178566524932
8  2  17.01764706  0.164907311205
7  3  17.01764706  0.165063764622
7  4  17.01764706  0.178567103759
8  3  17.01764706  0.178567103759
8  4  17.01764706  0.165063764622
7  5  17.01764706  0.135654935053
7  6  17.01764706  0.143256465293
8  5  17.01764706  0.143256465293
8  6  17.01764706  0.135654935053
8  7  17.01764706  0.158459525773
2  1  17.09411765  0.341673226351
3  1  17.09411765  0.058501574540
3  2  17.09411765  0.341675351625
4  1  17.09411765  0.341675351625
4  2  17.09411765  0.058501574540
4  3  17.09411765  0.341677476925
5  1  17.09411765  0.164781386174
5  2  17.09411765  0.178439449785
6  1  17.09411765  0.178439449785
6  2  17.09411765  0.164781386174
5  3  17.09411765  0.164935708011
5  4  17.09411765  0.178439995517
6  3  17.09411765  0.178439995517
6  4  17.09411765  0.164935708011
6  5  17.09411765  0.158336055632
7  1  17.09411765  0.164781386174
7  2  17.09411765  0.178439449785
8  1  17.09411765  0.178439449785
8  2  17.09411765  0.164781386174
7  3  17.09411765  0.164935708011
7  4  17.09411765  0.178439995517
8  3  17.09411765  0.178439995517
8  4  17.09411765  0.164935708011
7  5  17.09411765  0.135532083165
7  6  17.09411765  0.143133407320
8  5  17.09411765  0.143133407320
8  6  17.09411765  0.135532083165
8  7  17.09411765  0.158336055632
2  1  17.17058824  0.341544011224
3  1  17.17058824  0.058240990430
3  2  17.17058824  0.341545998340
4  1  17.17058824  0.341545998340
4  2  17.17058824  0.058240990430
4  3  17.17058824  0.341547985478
5  1  17.17058824  0.164656517641
5  2  17.17058824  0.178313446100
6  1  17.17058824  0.178313446100
6  2  17.17058824  0.164656517641
5  3  17.17058824  0.164808747967
5  4  17.17058824  0.178313960735
6  3  17.17058824  0.178313960735
6  4  17.17058824  0.164808747967
6  5  17.17058824  0.158213600162
7  1  17.17058824  0.164656517641
7  2  17.17058824  0.178313446100
8  1  17.17058824  0.178313446100
8  2  17.17058824  0.164656517641
7  3  17.17058824  0.164808747967
7  4  17.17058824  0.178313960735
8  3  17.17058824  0.178313960735
8  4  17.17058824  0.164808747967
7  5  17.17058824  0.135410234924
7  6  17.17058824  0.143011356670
8  5  17.17058824  0.143011356670
8  6  17.17058824  0.135410234924
8  7  17.17058824  0.158213600162
2  1  17.24705882  0.341415925980
3  1  17.24705882  0.057982718230
3  2  17.24705882  0.341417784218
4  1  17.24705882  0.341417784218
4  2  17.24705882  0.057982718230
4  3  17.24705882  0.341419642475
5  1  17.24705882  0.164532693641
5  2  17.24705882  0.178188501960
6  1  17.24705882  0.178188501960
6  2  17.24705882  0.164532693641
5  3  17.24705882  0.164682871517
5  4  17.24705882  0.178188987368
6  3  17.24705882  0.178188987368
6  4  17.24705882  0.164682871517
6  5  17.24705882  0.158092148471
7  1  17.24705882  0.164532693641
7  2  17.24705882  0.178188501960
8  1  17.24705882  0.178188501960
8  2  17.24705882  0.164532693641
7  3  17.24705882  0.164682871517
7  4  17.24705882  0.178188987368
8  3  17.24705882  0.178188987368
8  4  17.24705882  0.164682871517
7  5  17.24705882  0.135289379403
7  6  17.24705882  0.142890302426
8  5  17.24705882  0.142890302426
8  6  17.24705882  0.135289379403
8  7  17.24705882  0.158092148471
2  1  17.32352941  0.341288956296
3  1  17.32352941  0.057726727290
3  2  17.32352941  0.341290694309
4  1  17.32352941  0.341290694309
4  2  17.32352941  0.057726727290
4  3  17.32352941  0.341292432338
5  1  17.32352941  0.164409902332
5  2  17.32352941  0.178064605538
6  1  17.32352941  0.178064605538
6  2  17.32352941  0.164409902332
5  3  17.32352941  0.164558065838
5  4  17.32352941  0.178065063472
6  3  17.32352941  0.178065063472
6  4  17.32352941  0.164558065838
6  5  17.32352941  0.157971689746
7  1  17.32352941  0.164409902332
7  2  17.32352941  0.178064605538
8  1  17.32352941  0.178064605538
8  2  17.32352941  0.164409902332
7  3  17.32352941  0.164558065838
7  4  17.32352941  0.178065063472
8  3  17.32352941  0.178065063472
8  4  17.32352941  0.164558065838
7  5  17.32352941  0.135169505773
7  6  17.32352941  0.142770233764
8  5  17.32352941  0.142770233764
8  6  17.32352941  0.135169505773
8  7  17.32352941  0.157971689746
2  1  17.40000000  0.341163088069
3  1  17.40000000  0.057472987497
3  2  17.40000000  0.341164713923
4  1  17.40000000  0.341164713923
4  2  17.40000000  0.057472987497
4  3  17.40000000  0.341166339793
5  1  17.40000000  0.164288131985
5  2  17.40000000  0.177941745108
6  1  17.40000000  0.177941745108
6  2  17.40000000  0.164288131985
5  3  17.40000000  0.164434318257
5  4  17.40000000  0.177942177208
6  3  17.40000000  0.177942177208
6  4  17.40000000  0.164434318257
6  5  17.40000000  0.157852213250
7  1  17.40000000  0.164288131985
7  2  17.40000000  0.177941745108
8  1  17.40000000  0.177941745108
8  2  17.40000000  0.164288131985
7  3  17.40000000  0.164434318257
7  4  17.40000000  0.177942177208
8  3  17.40000000  0.177942177208
8  4  17.40000000  0.164434318257
7  5  17.40000000  0.135050603310
7  6  17.40000000  0.142651139956
8  5  17.40000000  0.142651139956
8  6  17.40000000  0.135050603310
8  7  17.40000000  0.157852213250
2  1  17.47647059  0.341038307411
3  1  17.47647059  0.057221469269
3  2  17.47647059  0.341039828627
4  1  17.47647059  0.341039828627
4  2  17.47647059  0.057221469269
4  3  17.47647059  0.341041349856
5  1  17.47647059  0.164167370998
5  2  17.47647059  0.177819909042
6  1  17.47647059  0.177819909042
6  2  17.47647059  0.164167370998
5  3  17.47647059  0.164311616257
5  4  17.47647059  0.177820316847
6  3  17.47647059  0.177820316847
6  4  17.47647059  0.164311616257
6  5  17.47647059  0.157733708332
7  1  17.47647059  0.164167370998
7  2  17.47647059  0.177819909042
8  1  17.47647059  0.177819909042
8  2  17.47647059  0.164167370998
7  3  17.47647059  0.164311616257
7  4  17.47647059  0.177820316847
8  3  17.47647059  0.177820316847
8  4  17.47647059  0.164311616257
7  5  17.47647059  0.134932661393
7  6  17.47647059  0.142533010373
8  5  17.47647059  0.142533010373
8  6  17.47647059  0.134932661393
8  7  17.47647059  0.157733708332
2  1  17.55294118  0.340914600647
3  1  17.55294118  0.056972143539
3  2  17.55294118  0.340916024232
4  1  17.55294118  0.340916024232
4  2  17.55294118  0.056972143539
4  3  17.55294118  0.340917447828
5  1  17.55294118  0.164047607888
5  2  17.55294118  0.177699085816
6  1  17.55294118  0.177699085816
6  2  17.55294118  0.164047607888
5  3  17.55294118  0.164189947468
5  4  17.55294118  0.177699470767
6  3  17.55294118  0.177699470767
6  4  17.55294118  0.164189947468
6  5  17.55294118  0.157616164426
7  1  17.55294118  0.164047607888
7  2  17.55294118  0.177699085816
8  1  17.55294118  0.177699085816
8  2  17.55294118  0.164047607888
7  3  17.55294118  0.164189947468
7  4  17.55294118  0.177699470767
8  3  17.55294118  0.177699470767
8  4  17.55294118  0.164189947468
7  5  17.55294118  0.134815669506
7  6  17.55294118  0.142415834479
8  5  17.55294118  0.142415834479
8  6  17.55294118  0.134815669506
8  7  17.55294118  0.157616164426
2  1  17.62941176  0.340791954311
3  1  17.62941176  0.056724981747
3  2  17.62941176  0.340793286796
4  1  17.62941176  0.340793286796
4  2  17.62941176  0.056724981747
4  3  17.62941176  0.340794619290
5  1  17.62941176  0.163928831294
5  2  17.62941176  0.177579264013
6  1  17.62941176  0.177579264013
6  2  17.62941176  0.163928831294
5  3  17.62941176  0.164069299673
5  4  17.62941176  0.177579627460
6  3  17.62941176  0.177579627460
6  4  17.62941176  0.164069299673
6  5  17.62941176  0.157499571055
7  1  17.62941176  0.163928831294
7  2  17.62941176  0.177579264013
8  1  17.62941176  0.177579264013
8  2  17.62941176  0.163928831294
7  3  17.62941176  0.164069299673
7  4  17.62941176  0.177579627460
8  3  17.62941176  0.177579627460
8  4  17.62941176  0.164069299673
7  5  17.62941176  0.134699617239
7  6  17.62941176  0.142299601844
8  5  17.62941176  0.142299601844
8  6  17.62941176  0.134699617239
8  7  17.62941176  0.157499571055
2  1  17.70588235  0.340670355145
3  1  17.70588235  0.056479955825
3  2  17.70588235  0.340671602614
4  1  17.70588235  0.340671602614
4  2  17.70588235  0.056479955825
4  3  17.70588235  0.340672850091
5  1  17.70588235  0.163811029982
5  2  17.70588235  0.177460432323
6  1  17.70588235  0.177460432323
6  2  17.70588235  0.163811029982
5  3  17.70588235  0.163949660807
5  4  17.70588235  0.177460775530
6  3  17.70588235  0.177460775530
6  4  17.70588235  0.163949660807
6  5  17.70588235  0.157383917831
7  1  17.70588235  0.163811029982
7  2  17.70588235  0.177460432323
8  1  17.70588235  0.177460432323
8  2  17.70588235  0.163811029982
7  3  17.70588235  0.163949660807
7  4  17.70588235  0.177460775530
8  3  17.70588235  0.177460775530
8  4  17.70588235  0.163949660807
7  5  17.70588235  0.134584494289
7  6  17.70588235  0.142184302136
8  5  17.70588235  0.142184302136
8  6  17.70588235  0.134584494289
8  7  17.70588235  0.157383917831
2  1  17.78235294  0.340549790094
3  1  17.78235294  0.056237038190
3  2  17.78235294  0.340550958215
4  1  17.78235294  0.340550958215
4  2  17.78235294  0.056237038190
4  3  17.78235294  0.340552126343
5  1  17.78235294  0.163694192839
5  2  17.78235294  0.177342579547
6  1  17.78235294  0.177342579547
6  2  17.78235294  0.163694192839
5  3  17.78235294  0.163831018954
5  4  17.78235294  0.177342903699
6  3  17.78235294  0.177342903699
6  4  17.78235294  0.163831018954
6  5  17.78235294  0.157269194461
7  1  17.78235294  0.163694192839
7  2  17.78235294  0.177342579547
8  1  17.78235294  0.177342579547
8  2  17.78235294  0.163694192839
7  3  17.78235294  0.163831018954
7  4  17.78235294  0.177342903699
8  3  17.78235294  0.177342903699
8  4  17.78235294  0.163831018954
7  5  17.78235294  0.134470290458
7  6  17.78235294  0.142069925126
8  5  17.78235294  0.142069925126
8  6  17.78235294  0.134470290458
8  7  17.78235294  0.157269194461
2  1  17.85882353  0.340430246302
3  1  17.85882353  0.055996201735
3  2  17.85882353  0.340431340355
4  1  17.85882353  0.340431340355
4  2  17.85882353  0.055996201735
4  3  17.85882353  0.340432434415
5  1  17.85882353  0.163578308880
5  2  17.85882353  0.177225694597
6  1  17.85882353  0.177225694597
6  2  17.85882353  0.163578308880
5  3  17.85882353  0.163713362349
5  4  17.85882353  0.177226000805
6  3  17.85882353  0.177226000805
6  4  17.85882353  0.163713362349
6  5  17.85882353  0.157155390748
7  1  17.85882353  0.163578308880
7  2  17.85882353  0.177225694597
8  1  17.85882353  0.177225694597
8  2  17.85882353  0.163578308880
7  3  17.85882353  0.163713362349
7  4  17.85882353  0.177226000805
8  3  17.85882353  0.177226000805
8  4  17.85882353  0.163713362349
7  5  17.85882353  0.134356995657
7  6  17.85882353  0.141956460687
8  5  17.85882353  0.141956460687
8  6  17.85882353  0.134356995657
8  7  17.85882353  0.157155390748
2  1  17.93529412  0.340311711111
3  1  17.93529412  0.055757419811
3  2  17.93529412  0.340312736015
4  1  17.93529412  0.340312736015
4  2  17.93529412  0.055757419811
4  3  17.93529412  0.340313760924
5  1  17.93529412  0.163463367244
5  2  17.93529412  0.177109766500
6  1  17.93529412  0.177109766500
6  2  17.93529412  0.163463367244
5  3  17.93529412  0.163596679377
5  4  17.93529412  0.177110055804
6  3  17.93529412  0.177110055804
6  4  17.93529412  0.163596679377
6  5  17.93529412  0.157042496590
7  1  17.93529412  0.163463367244
7  2  17.93529412  0.177109766500
8  1  17.93529412  0.177109766500
8  2  17.93529412  0.163463367244
7  3  17.93529412  0.163596679377
7  4  17.93529412  0.177110055804
8  3  17.93529412  0.177110055804
8  4  17.93529412  0.163596679377
7  5  17.93529412  0.134244599904
7  6  17.93529412  0.141843898799
8  5  17.93529412  0.141843898799
8  6  17.93529412  0.134244599904
8  7  17.93529412  0.157042496590
2  1  18.01176471  0.340194172060
3  1  18.01176471  0.055520666227
3  2  18.01176471  0.340195132394
4  1  18.01176471  0.340195132394
4  2  18.01176471  0.055520666227
4  3  18.01176471  0.340196092733
5  1  18.01176471  0.163349357195
5  2  18.01176471  0.176994784399
6  1  18.01176471  0.176994784399
6  2  18.01176471  0.163349357195
5  3  18.01176471  0.163480958572
5  4  18.01176471  0.176995057774
6  3  18.01176471  0.176995057774
6  4  18.01176471  0.163480958572
6  5  18.01176471  0.156930501985
7  1  18.01176471  0.163349357195
7  2  18.01176471  0.176994784399
8  1  18.01176471  0.176994784399
8  2  18.01176471  0.163349357195
7  3  18.01176471  0.163480958572
7  4  18.01176471  0.176995057774
8  3  18.01176471  0.176995057774
8  4  18.01176471  0.163480958572
7  5  18.01176471  0.134133093327
7  6  18.01176471  0.141732229546
8  5  18.01176471  0.141732229546
8  6  18.01176471  0.134133093327
8  7  18.01176471  0.156930501985
2  1  18.08823529  0.340077616874
3  1  18.08823529  0.055285915233
3  2  18.08823529  0.340078516905
4  1  18.08823529  0.340078516905
4  2  18.08823529  0.055285915233
4  3  18.08823529  0.340079416941
5  1  18.08823529  0.163236268126
5  2  18.08823529  0.176880737552
6  1  18.08823529  0.176880737552
6  2  18.08823529  0.163236268126
5  3  18.08823529  0.163366188616
5  4  18.08823529  0.176880995913
6  3  18.08823529  0.176880995913
6  4  18.08823529  0.163366188616
6  5  18.08823529  0.156819397031
7  1  18.08823529  0.163236268126
7  2  18.08823529  0.176880737552
8  1  18.08823529  0.176880737552
8  2  18.08823529  0.163236268126
7  3  18.08823529  0.163366188616
7  4  18.08823529  0.176880995913
8  3  18.08823529  0.176880995913
8  4  18.08823529  0.163366188616
7  5  18.08823529  0.134022466160
7  6  18.08823529  0.141621443117
8  5  18.08823529  0.141621443117
8  6  18.08823529  0.134022466160
8  7  18.08823529  0.156819397031
2  1  18.16470588  0.339962033472
3  1  18.16470588  0.055053141515
3  2  18.16470588  0.339962877172
4  1  18.16470588  0.339962877172
4  2  18.16470588  0.055053141515
4  3  18.16470588  0.339963720876
5  1  18.16470588  0.163124089552
5  2  18.16470588  0.176767615335
6  1  18.16470588  0.176767615335
6  2  18.16470588  0.163124089552
5  3  18.16470588  0.163252358338
5  4  18.16470588  0.176767859539
6  3  18.16470588  0.176767859539
6  4  18.16470588  0.163252358338
6  5  18.16470588  0.156709171928
7  1  18.16470588  0.163124089552
7  2  18.16470588  0.176767615335
8  1  18.16470588  0.176767615335
8  2  18.16470588  0.163124089552
7  3  18.16470588  0.163252358338
7  4  18.16470588  0.176767859539
8  3  18.16470588  0.176767859539
8  4  18.16470588  0.163252358338
7  5  18.16470588  0.133912708748
7  6  18.16470588  0.141511529808
8  5  18.16470588  0.141511529808
8  6  18.16470588  0.133912708748
8  7  18.16470588  0.156709171928
2  1  18.24117647  0.339847409954
3  1  18.24117647  0.054822320183
3  2  18.24117647  0.339848201023
4  1  18.24117647  0.339848201023
4  2  18.24117647  0.054822320183
4  3  18.24117647  0.339848992095
5  1  18.24117647  0.163012811117
5  2  18.24117647  0.176655407243
6  1  18.24117647  0.176655407243
6  2  18.24117647  0.163012811117
5  3  18.24117647  0.163139456715
5  4  18.24117647  0.176655638094
6  3  18.24117647  0.176655638094
6  4  18.24117647  0.163139456715
6  5  18.24117647  0.156599816979
7  1  18.24117647  0.163012811117
7  2  18.24117647  0.176655407243
8  1  18.24117647  0.176655407243
8  2  18.24117647  0.163012811117
7  3  18.24117647  0.163139456715
7  4  18.24117647  0.176655638094
8  3  18.24117647  0.176655638094
8  4  18.24117647  0.163139456715
7  5  18.24117647  0.133803811546
7  6  18.24117647  0.141402480023
8  5  18.24117647  0.141402480023
8  6  18.24117647  0.133803811546
8  7  18.24117647  0.156599816979
2  1  18.31764706  0.339733734606
3  1  18.31764706  0.054593426765
3  2  18.31764706  0.339734476488
4  1  18.31764706  0.339734476488
4  2  18.31764706  0.054593426765
4  3  18.31764706  0.339735218373
5  1  18.31764706  0.162902422591
5  2  18.31764706  0.176544102890
6  1  18.31764706  0.176544102890
6  2  18.31764706  0.162902422591
5  3  18.31764706  0.163027472869
5  4  18.31764706  0.176544321143
6  3  18.31764706  0.176544321143
6  4  18.31764706  0.163027472869
6  5  18.31764706  0.156491322590
7  1  18.31764706  0.162902422591
7  2  18.31764706  0.176544102890
8  1  18.31764706  0.176544102890
8  2  18.31764706  0.162902422591
7  3  18.31764706  0.163027472869
7  4  18.31764706  0.176544321143
8  3  18.31764706  0.176544321143
8  4  18.31764706  0.163027472869
7  5  18.31764706  0.133695765114
7  6  18.31764706  0.141294284273
8  5  18.31764706  0.141294284273
8  6  18.31764706  0.133695765114
8  7  18.31764706  0.156491322590
2  1  18.39411765  0.339620995890
3  1  18.39411765  0.054366437195
3  2  18.39411765  0.339621691793
4  1  18.39411765  0.339621691793
4  2  18.39411765  0.054366437195
4  3  18.39411765  0.339622387699
5  1  18.39411765  0.162792913867
5  2  18.39411765  0.176433692011
6  1  18.39411765  0.176433692011
6  2  18.39411765  0.162792913867
5  3  18.39411765  0.162916396068
5  4  18.39411765  0.176433898373
6  3  18.39411765  0.176433898373
6  4  18.39411765  0.162916396068
6  5  18.39411765  0.156383679271
7  1  18.39411765  0.162792913867
7  2  18.39411765  0.176433692011
8  1  18.39411765  0.176433692011
8  2  18.39411765  0.162792913867
7  3  18.39411765  0.162916396068
7  4  18.39411765  0.176433898373
8  3  18.39411765  0.176433898373
8  4  18.39411765  0.162916396068
7  5  18.39411765  0.133588560125
7  6  18.39411765  0.141186933174
8  5  18.39411765  0.141186933174
8  6  18.39411765  0.133588560125
8  7  18.39411765  0.156383679271
2  1  18.47058824  0.339509182447
3  1  18.47058824  0.054141327807
3  2  18.47058824  0.339509835360
4  1  18.47058824  0.339509835360
4  2  18.47058824  0.054141327807
4  3  18.47058824  0.339510488275
5  1  18.47058824  0.162684274966
5  2  18.47058824  0.176324164459
6  1  18.47058824  0.176324164459
6  2  18.47058824  0.162684274966
5  3  18.47058824  0.162806215721
5  4  18.47058824  0.176324359595
6  3  18.47058824  0.176324359595
6  4  18.47058824  0.162806215721
6  5  18.47058824  0.156276877638
7  1  18.47058824  0.162684274966
7  2  18.47058824  0.176324164459
8  1  18.47058824  0.176324164459
8  2  18.47058824  0.162684274966
7  3  18.47058824  0.162806215721
7  4  18.47058824  0.176324359595
8  3  18.47058824  0.176324359595
8  4  18.47058824  0.162806215721
7  5  18.47058824  0.133482187359
7  6  18.47058824  0.141080417452
8  5  18.47058824  0.141080417452
8  6  18.47058824  0.133482187359
8  7  18.47058824  0.156276877638
2  1  18.54705882  0.339398283091
3  1  18.54705882  0.053918075325
3  2  18.54705882  0.339398895796
4  1  18.54705882  0.339398895796
4  2  18.54705882  0.053918075325
4  3  18.54705882  0.339399508502
5  1  18.54705882  0.162576496033
5  2  18.54705882  0.176215510211
6  1  18.54705882  0.176215510211
6  2  18.54705882  0.162576496033
5  3  18.54705882  0.162696921384
5  4  18.54705882  0.176215694744
6  3  18.54705882  0.176215694744
6  4  18.54705882  0.162696921384
6  5  18.54705882  0.156170908414
7  1  18.54705882  0.162576496033
7  2  18.54705882  0.176215510211
8  1  18.54705882  0.176215510211
8  2  18.54705882  0.162576496033
7  3  18.54705882  0.162696921384
7  4  18.54705882  0.176215694744
8  3  18.54705882  0.176215694744
8  4  18.54705882  0.162696921384
7  5  18.54705882  0.133376637706
7  6  18.54705882  0.140974727942
8  5  18.54705882  0.140974727942
8  6  18.54705882  0.133376637706
8  7  18.54705882  0.156170908414
2  1  18.62352941  0.339288286808
3  1  18.62352941  0.053696656859
3  2  18.62352941  0.339288861896
4  1  18.62352941  0.339288861896
4  2  18.62352941  0.053696656859
4  3  18.62352941  0.339289436985
5  1  18.62352941  0.162469567336
5  2  18.62352941  0.176107719361
6  1  18.62352941  0.176107719361
6  2  18.62352941  0.162469567336
5  3  18.62352941  0.162588502749
5  4  18.62352941  0.176107893878
6  3  18.62352941  0.176107893878
6  4  18.62352941  0.162588502749
6  5  18.62352941  0.156065762425
7  1  18.62352941  0.162469567336
7  2  18.62352941  0.176107719361
8  1  18.62352941  0.176107719361
8  2  18.62352941  0.162469567336
7  3  18.62352941  0.162588502749
7  4  18.62352941  0.176107893878
8  3  18.62352941  0.176107893878
8  4  18.62352941  0.162588502749
7  5  18.62352941  0.133271902161
7  6  18.62352941  0.140869855582
8  5  18.62352941  0.140869855582
8  6  18.62352941  0.133271902161
8  7  18.62352941  0.156065762425
2  1  18.70000000  0.339179182751
3  1  18.70000000  0.053477049890
3  2  18.70000000  0.339179722636
4  1  18.70000000  0.339179722636
4  2  18.70000000  0.053477049890
4  3  18.70000000  0.339180262523
5  1  18.70000000  0.162363479269
5  2  18.70000000  0.176000782126
6  1  18.70000000  0.176000782126
6  2  18.70000000  0.162363479269
5  3  18.70000000  0.162480949654
5  4  18.70000000  0.176000947177
6  3  18.70000000  0.176000947177
6  4  18.70000000  0.162480949654
6  5  18.70000000  0.155961430606
7  1  18.70000000  0.162363479269
7  2  18.70000000  0.176000782126
8  1  18.70000000  0.176000782126
8  2  18.70000000  0.162363479269
7  3  18.70000000  0.162480949654
7  4  18.70000000  0.176000947177
8  3  18.70000000  0.176000947177
8  4  18.70000000  0.162480949654
7  5  18.70000000  0.133167971832
7  6  18.70000000  0.140765791423
8  5  18.70000000  0.140765791423
8  6  18.70000000  0.133167971832
8  7  18.70000000  0.155961430606
2  1  18.77647059  0.339070960238
3  1  18.77647059  0.053259232269
3  2  18.77647059  0.339071467170
4  1  18.77647059  0.339071467170
4  2  18.77647059  0.053259232269
4  3  18.77647059  0.339071974102
5  1  18.77647059  0.162258222347
5  2  18.77647059  0.175894688844
6  1  18.77647059  0.175894688844
6  2  18.77647059  0.162258222347
5  3  18.77647059  0.162374252072
5  4  18.77647059  0.175894844946
6  3  18.77647059  0.175894844946
6  4  18.77647059  0.162374252072
6  5  18.77647059  0.155857903998
7  1  18.77647059  0.162258222347
7  2  18.77647059  0.175894688844
8  1  18.77647059  0.175894688844
8  2  18.77647059  0.162258222347
7  3  18.77647059  0.162374252072
7  4  18.77647059  0.175894844946
8  3  18.77647059  0.175894844946
8  4  18.77647059  0.162374252072
7  5  18.77647059  0.133064837930
7  6  18.77647059  0.140662526619
8  5  18.77647059  0.140662526619
8  6  18.77647059  0.133064837930
8  7  18.77647059  0.155857903998
2  1  18.85294118  0.338963608752
3  1  18.85294118  0.053043182205
3  2  18.85294118  0.338964084825
4  1  18.85294118  0.338964084825
4  2  18.85294118  0.053043182205
4  3  18.85294118  0.338964560899
5  1  18.85294118  0.162153787210
5  2  18.85294118  0.175789429971
6  1  18.85294118  0.175789429971
6  2  18.85294118  0.162153787210
5  3  18.85294118  0.162268400114
5  4  18.85294118  0.175789577611
6  3  18.85294118  0.175789577611
6  4  18.85294118  0.162268400114
6  5  18.85294118  0.155755173747
7  1  18.85294118  0.162153787210
7  2  18.85294118  0.175789429971
8  1  18.85294118  0.175789429971
8  2  18.85294118  0.162153787210
7  3  18.85294118  0.162268400114
7  4  18.85294118  0.175789577611
8  3  18.85294118  0.175789577611
8  4  18.85294118  0.162268400114
7  5  18.85294118  0.132962491777
7  6  18.85294118  0.140560052434
8  5  18.85294118  0.140560052434
8  6  18.85294118  0.132962491777
8  7  18.85294118  0.155755173747
2  1  18.92941176  0.338857117933
3  1  18.92941176  0.052828878262
3  2  18.92941176  0.338857565100
4  1  18.92941176  0.338857565100
4  2  18.92941176  0.052828878262
4  3  18.92941176  0.338858012268
5  1  18.92941176  0.162050164615
5  2  18.92941176  0.175684996086
6  1  18.92941176  0.175684996086
6  2  18.92941176  0.162050164615
5  3  18.92941176  0.162163384029
5  4  18.92941176  0.175685135721
6  3  18.92941176  0.175685135721
6  4  18.92941176  0.162163384029
6  5  18.92941176  0.155653231108
7  1  18.92941176  0.162050164615
7  2  18.92941176  0.175684996086
8  1  18.92941176  0.175684996086
8  2  18.92941176  0.162050164615
7  3  18.92941176  0.162163384029
7  4  18.92941176  0.175685135721
8  3  18.92941176  0.175685135721
8  4  18.92941176  0.162163384029
7  5  18.92941176  0.132860924798
7  6  18.92941176  0.140458360235
8  5  18.92941176  0.140458360235
8  6  18.92941176  0.132860924798
8  7  18.92941176  0.155653231108
2  1  19.00588235  0.338751477581
3  1  19.00588235  0.052616299348
3  2  19.00588235  0.338751897662
4  1  19.00588235  0.338751897662
4  2  19.00588235  0.052616299348
4  3  19.00588235  0.338752317744
5  1  19.00588235  0.161947345444
5  2  19.00588235  0.175581377885
6  1  19.00588235  0.175581377885
6  2  19.00588235  0.161947345444
5  3  19.00588235  0.162059194199
5  4  19.00588235  0.175581509946
6  3  19.00588235  0.175581509946
6  4  19.00588235  0.162059194199
6  5  19.00588235  0.155552067441
7  1  19.00588235  0.161947345444
7  2  19.00588235  0.175581377885
8  1  19.00588235  0.175581377885
8  2  19.00588235  0.161947345444
7  3  19.00588235  0.162059194199
7  4  19.00588235  0.175581509946
8  3  19.00588235  0.175581509946
8  4  19.00588235  0.162059194199
7  5  19.00588235  0.132760128527
7  6  19.00588235  0.140357441498
8  5  19.00588235  0.140357441498
8  6  19.00588235  0.132760128527
8  7  19.00588235  0.155552067441
2  1  19.08235294  0.338646677650
3  1  19.08235294  0.052405424709
3  2  19.08235294  0.338647072341
4  1  19.08235294  0.338647072341
4  2  19.08235294  0.052405424709
4  3  19.08235294  0.338647467033
5  1  19.08235294  0.161845320697
5  2  19.08235294  0.175478566184
6  1  19.08235294  0.175478566184
6  2  19.08235294  0.161845320697
5  3  19.08235294  0.161955821141
5  4  19.08235294  0.175478691076
6  3  19.08235294  0.175478691076
6  4  19.08235294  0.161955821141
6  5  19.08235294  0.155451674209
7  1  19.08235294  0.161845320697
7  2  19.08235294  0.175478566184
8  1  19.08235294  0.175478566184
8  2  19.08235294  0.161845320697
7  3  19.08235294  0.161955821141
7  4  19.08235294  0.175478691076
8  3  19.08235294  0.175478691076
8  4  19.08235294  0.161955821141
7  5  19.08235294  0.132660094602
7  6  19.08235294  0.140257287804
8  5  19.08235294  0.140257287804
8  6  19.08235294  0.132660094602
8  7  19.08235294  0.155451674209
2  1  19.15882353  0.338542708244
3  1  19.15882353  0.052196233925
3  2  19.15882353  0.338543079128
4  1  19.15882353  0.338543079128
4  2  19.15882353  0.052196233925
4  3  19.15882353  0.338543450012
5  1  19.15882353  0.161744081492
5  2  19.15882353  0.175376551918
6  1  19.15882353  0.175376551918
6  2  19.15882353  0.161744081492
5  3  19.15882353  0.161853255503
5  4  19.15882353  0.175376670023
6  3  19.15882353  0.175376670023
6  4  19.15882353  0.161853255503
6  5  19.15882353  0.155352042987
7  1  19.15882353  0.161744081492
7  2  19.15882353  0.175376551918
8  1  19.15882353  0.175376551918
8  2  19.15882353  0.161744081492
7  3  19.15882353  0.161853255503
7  4  19.15882353  0.175376670023
8  3  19.15882353  0.175376670023
8  4  19.15882353  0.161853255503
7  5  19.15882353  0.132560814764
7  6  19.15882353  0.140157890838
8  5  19.15882353  0.140157890838
8  6  19.15882353  0.132560814764
8  7  19.15882353  0.155352042987
2  1  19.23529412  0.338439559620
3  1  19.23529412  0.051988706899
3  2  19.23529412  0.338439908172
4  1  19.23529412  0.338439908172
4  2  19.23529412  0.051988706899
4  3  19.23529412  0.338440256724
5  1  19.23529412  0.161643619065
5  2  19.23529412  0.175275326139
6  1  19.23529412  0.175275326139
6  2  19.23529412  0.161643619065
5  3  19.23529412  0.161751488063
5  4  19.23529412  0.175275437815
6  3  19.23529412  0.175275437815
6  4  19.23529412  0.161751488063
6  5  19.23529412  0.155253165448
7  1  19.23529412  0.161643619065
7  2  19.23529412  0.175275326139
8  1  19.23529412  0.175275326139
8  2  19.23529412  0.161643619065
7  3  19.23529412  0.161751488063
7  4  19.23529412  0.175275437815
8  3  19.23529412  0.175275437815
8  4  19.23529412  0.161751488063
7  5  19.23529412  0.132462280862
7  6  19.23529412  0.140059242391
8  5  19.23529412  0.140059242391
8  6  19.23529412  0.132462280862
8  7  19.23529412  0.155253165448
2  1  19.31176471  0.338337222180
3  1  19.31176471  0.051782823854
3  2  19.31176471  0.338337549776
4  1  19.31176471  0.338337549776
4  2  19.31176471  0.051782823854
4  3  19.31176471  0.338337877372
5  1  19.31176471  0.161543924769
5  2  19.31176471  0.175174880015
6  1  19.31176471  0.175174880015
6  2  19.31176471  0.161543924769
5  3  19.31176471  0.161650509729
5  4  19.31176471  0.175174985603
6  3  19.31176471  0.175174985603
6  4  19.31176471  0.161650509729
6  5  19.31176471  0.155155033375
7  1  19.31176471  0.161543924769
7  2  19.31176471  0.175174880015
8  1  19.31176471  0.175174880015
8  2  19.31176471  0.161543924769
7  3  19.31176471  0.161650509729
7  4  19.31176471  0.175174985603
8  3  19.31176471  0.175174985603
8  4  19.31176471  0.161650509729
7  5  19.31176471  0.132364484843
7  6  19.31176471  0.139961334354
8  5  19.31176471  0.139961334354
8  6  19.31176471  0.132364484843
8  7  19.31176471  0.155155033375
2  1  19.38823529  0.338235686471
3  1  19.38823529  0.051578565325
3  2  19.38823529  0.338235994395
4  1  19.38823529  0.338235994395
4  2  19.38823529  0.051578565325
4  3  19.38823529  0.338236302320
5  1  19.38823529  0.161444990072
5  2  19.38823529  0.175075204832
6  1  19.38823529  0.175075204832
6  2  19.38823529  0.161444990072
5  3  19.38823529  0.161550311534
5  4  19.38823529  0.175075304651
6  3  19.38823529  0.175075304651
6  4  19.38823529  0.161550311534
6  5  19.38823529  0.155057638652
7  1  19.38823529  0.161444990072
7  2  19.38823529  0.175075204832
8  1  19.38823529  0.175075204832
8  2  19.38823529  0.161444990072
7  3  19.38823529  0.161550311534
7  4  19.38823529  0.175075304651
8  3  19.38823529  0.175075304651
8  4  19.38823529  0.161550311534
7  5  19.38823529  0.132267418761
7  6  19.38823529  0.139864158725
8  5  19.38823529  0.139864158725
8  6  19.38823529  0.132267418761
8  7  19.38823529  0.155057638652
2  1  19.46470588  0.338134943182
3  1  19.46470588  0.051375912153
3  2  19.46470588  0.338135232634
4  1  19.46470588  0.338135232634
4  2  19.46470588  0.051375912153
4  3  19.46470588  0.338135522086
5  1  19.46470588  0.161346806557
5  2  19.46470588  0.174976291990
6  1  19.46470588  0.174976291990
6  2  19.46470588  0.161346806557
5  3  19.46470588  0.161450884640
5  4  19.46470588  0.174976386341
6  3  19.46470588  0.174976386341
6  4  19.46470588  0.161450884640
6  5  19.46470588  0.154960973267
7  1  19.46470588  0.161346806557
7  2  19.46470588  0.174976291990
8  1  19.46470588  0.174976291990
8  2  19.46470588  0.161346806557
7  3  19.46470588  0.161450884640
7  4  19.46470588  0.174976386341
8  3  19.46470588  0.174976386341
8  4  19.46470588  0.161450884640
7  5  19.46470588  0.132171074767
7  6  19.46470588  0.139767707601
8  5  19.46470588  0.139767707601
8  6  19.46470588  0.132171074767
8  7  19.46470588  0.154960973267
2  1  19.54117647  0.338034983142
3  1  19.54117647  0.051174845479
3  2  19.54117647  0.338035255242
4  1  19.54117647  0.338035255242
4  2  19.54117647  0.051174845479
4  3  19.54117647  0.338035527341
5  1  19.54117647  0.161249365917
5  2  19.54117647  0.174878133002
6  1  19.54117647  0.174878133002
6  2  19.54117647  0.161249365917
5  3  19.54117647  0.161352220329
5  4  19.54117647  0.174878222170
6  3  19.54117647  0.174878222170
6  4  19.54117647  0.161352220329
6  5  19.54117647  0.154865029311
7  1  19.54117647  0.161249365917
7  2  19.54117647  0.174878133002
8  1  19.54117647  0.174878133002
8  2  19.54117647  0.161249365917
7  3  19.54117647  0.161352220329
7  4  19.54117647  0.174878222170
8  3  19.54117647  0.174878222170
8  4  19.54117647  0.161352220329
7  5  19.54117647  0.132075445116
7  6  19.54117647  0.139671973181
8  5  19.54117647  0.139671973181
8  6  19.54117647  0.132075445116
8  7  19.54117647  0.154865029311
2  1  19.61764706  0.337935797318
3  1  19.61764706  0.050975346741
3  2  19.61764706  0.337936053110
4  1  19.61764706  0.337936053110
4  2  19.61764706  0.050975346741
4  3  19.61764706  0.337936308903
5  1  19.61764706  0.161152659960
5  2  19.61764706  0.174780719496
6  1  19.61764706  0.174780719496
6  2  19.61764706  0.161152659960
5  3  19.61764706  0.161254310011
5  4  19.61764706  0.174780803750
6  3  19.61764706  0.174780803750
6  4  19.61764706  0.161254310011
6  5  19.61764706  0.154769798975
7  1  19.61764706  0.161152659960
7  2  19.61764706  0.174780719496
8  1  19.61764706  0.174780719496
8  2  19.61764706  0.161152659960
7  3  19.61764706  0.161254310011
7  4  19.61764706  0.174780803750
8  3  19.61764706  0.174780803750
8  4  19.61764706  0.161254310011
7  5  19.61764706  0.131980522160
7  6  19.61764706  0.139576947765
8  5  19.61764706  0.139576947765
8  6  19.61764706  0.131980522160
8  7  19.61764706  0.154769798975
2  1  19.69411765  0.337837376809
3  1  19.69411765  0.050777397661
3  2  19.69411765  0.337837617273
4  1  19.69411765  0.337837617273
4  2  19.69411765  0.050777397661
4  3  19.69411765  0.337837857737
5  1  19.69411765  0.161056680605
5  2  19.69411765  0.174684043212
6  1  19.69411765  0.174684043212
6  2  19.69411765  0.161056680605
5  3  19.69411765  0.161157145210
5  4  19.69411765  0.174684122805
6  3  19.69411765  0.174684122805
6  4  19.69411765  0.161157145210
6  5  19.69411765  0.154675274554
7  1  19.69411765  0.161056680605
7  2  19.69411765  0.174684043212
8  1  19.69411765  0.174684043212
8  2  19.69411765  0.161056680605
7  3  19.69411765  0.161157145210
7  4  19.69411765  0.174684122805
8  3  19.69411765  0.174684122805
8  4  19.69411765  0.161157145210
7  5  19.69411765  0.131886298350
7  6  19.69411765  0.139482623751
8  5  19.69411765  0.139482623751
8  6  19.69411765  0.131886298350
8  7  19.69411765  0.154675274554
2  1  19.77058824  0.337739712851
3  1  19.77058824  0.050580980249
3  2  19.77058824  0.337739938899
4  1  19.77058824  0.337739938899
4  2  19.77058824  0.050580980249
4  3  19.77058824  0.337740164948
5  1  19.77058824  0.160961419876
5  2  19.77058824  0.174588095998
6  1  19.77058824  0.174588095998
6  2  19.77058824  0.160961419876
5  3  19.77058824  0.161060717576
5  4  19.77058824  0.174588171172
6  3  19.77058824  0.174588171172
6  4  19.77058824  0.161060717576
6  5  19.77058824  0.154581448439
7  1  19.77058824  0.160961419876
7  2  19.77058824  0.174588095998
8  1  19.77058824  0.174588095998
8  2  19.77058824  0.160961419876
7  3  19.77058824  0.161060717576
7  4  19.77058824  0.174588171172
8  3  19.77058824  0.174588171172
8  4  19.77058824  0.161060717576
7  5  19.77058824  0.131792766235
7  6  19.77058824  0.139388993636
8  5  19.77058824  0.139388993636
8  6  19.77058824  0.131792766235
8  7  19.77058824  0.154581448439
2  1  19.84705882  0.337642796808
3  1  19.84705882  0.050386076789
3  2  19.84705882  0.337643009295
4  1  19.84705882  0.337643009295
4  2  19.84705882  0.050386076789
4  3  19.84705882  0.337643221783
5  1  19.84705882  0.160866869910
5  2  19.84705882  0.174492869815
6  1  19.84705882  0.174492869815
6  2  19.84705882  0.160866869910
5  3  19.84705882  0.160965018872
5  4  19.84705882  0.174492940796
6  3  19.84705882  0.174492940796
6  4  19.84705882  0.160965018872
6  5  19.84705882  0.154488313123
7  1  19.84705882  0.160866869910
7  2  19.84705882  0.174492869815
8  1  19.84705882  0.174492869815
8  2  19.84705882  0.160866869910
7  3  19.84705882  0.160965018872
7  4  19.84705882  0.174492940796
8  3  19.84705882  0.174492940796
8  4  19.84705882  0.160965018872
7  5  19.84705882  0.131699918460
7  6  19.84705882  0.139296050014
8  5  19.84705882  0.139296050014
8  6  19.84705882  0.131699918460
8  7  19.84705882  0.154488313123
2  1  19.92352941  0.337546620171
3  1  19.92352941  0.050192669839
3  2  19.92352941  0.337546819897
4  1  19.92352941  0.337546819897
4  2  19.92352941  0.050192669839
4  3  19.92352941  0.337547019624
5  1  19.92352941  0.160773022946
5  2  19.92352941  0.174398356732
6  1  19.92352941  0.174398356732
6  2  19.92352941  0.160773022946
5  3  19.92352941  0.160870040979
5  4  19.92352941  0.174398423735
6  3  19.92352941  0.174398423735
6  4  19.92352941  0.160870040979
6  5  19.92352941  0.154395861196
7  1  19.92352941  0.160773022946
7  2  19.92352941  0.174398356732
8  1  19.92352941  0.174398356732
8  2  19.92352941  0.160773022946
7  3  19.92352941  0.160870040979
7  4  19.92352941  0.174398423735
8  3  19.92352941  0.174398423735
8  4  19.92352941  0.160870040979
7  5  19.92352941  0.131607747765
7  6  19.92352941  0.139203785576
8  5  19.92352941  0.139203785576
8  6  19.92352941  0.131607747765
8  7  19.92352941  0.154395861196
2  1  20.00000000  0.337451174560
3  1  20.00000000  0.050000742224
3  2  20.00000000  0.337451362274
4  1  20.00000000  0.337451362274
4  2  20.00000000  0.050000742224
4  3  20.00000000  0.337451549987
5  1  20.00000000  0.160679871333
5  2  20.00000000  0.174304548923
6  1  20.00000000  0.174304548923
6  2  20.00000000  0.160679871333
5  3  20.00000000  0.160775775892
5  4  20.00000000  0.174304612152
6  3  20.00000000  0.174304612152
6  4  20.00000000  0.160775775892
6  5  20.00000000  0.154304085345
7  1  20.00000000  0.160679871333
7  2  20.00000000  0.174304548923
8  1  20.00000000  0.174304548923
8  2  20.00000000  0.160679871333
7  3  20.00000000  0.160775775892
7  4  20.00000000  0.174304612152
8  3  20.00000000  0.174304612152
8  4  20.00000000  0.160775775892
7  5  20.00000000  0.131516246986
7  6  20.00000000  0.139112193106
8  5  20.00000000  0.139112193106
8  6  20.00000000  0.131516246986
8  7  20.00000000  0.154304085345
